Ticker,Name,Price,Dividend Yield,Market Cap ($M),P/E Ratio,Payout Ratio
AAALY,AAREAL BANK AG,$34.00 ,0.00%,$,,
AAGIY,AIA Group Limited,$31.94 ,0.90%,"$97,766 ",15.7,14.20%
AAME,Atlantic American Corporation,$3.09 ,0.60%,$63 ,,
AB,AllianceBernstein Holding L.P. Units,$29.52 ,9.40%,"$2,826 ",10.3,96.40%
ABCB,Ameris Bancorp,$42.41 ,0.90%,"$2,018 ",14.1,13.30%
ABDC,Alcentra Capital Corp.,$6.20 ,11.40%,$86 ,6.1,69.20%
AC,Associated Capital Group Inc.,$41.75 ,0.50%,$968 ,,
ACCFF,Accord Financial Corp.,$7.92 ,3.40%,$67 ,10.2,34.80%
ACD.TO,Accord Financial Corp.,$10.27 ,3.50%,$87 ,10,34.40%
ACGBF,Agricultural Bank of China Limited,$0.45 ,0.00%,"$160,453 ",5,0.00%
ACGBY,Agricultural Bank of China Limited,$10.97 ,6.30%,"$156,310 ",4.8,30.10%
ACNB,ACNB Corporation,$36.56 ,2.40%,$264 ,,
ACSF,American Capital Senior Floating Ltd.,$3.50 ,9.50%,$123 ,,
AD.TO,Alaris Royalty Corp.,$18.69 ,9.30%,$670 ,12.7,118.40%
ADKT,The Adirondack Trust Company,"$1,577.23 ",3.20%,$121 ,15.8,51.00%
ADS,Alliance Data Systems Corporation,$196.76 ,1.20%,"$10,487 ",9.4,11.10%
AEG,AEGON N.V.,$5.67 ,5.70%,"$11,474 ",12.3,70.30%
AEGOF,Aegon N.V.,$6.35 ,0.00%,"$12,081 ",5.8,0.00%
AEL,American Equity Investment Life Holding Company,$32.91 ,0.80%,"$2,984 ",9.1,7.70%
AFCB,Athens Bancshares Corporation,$48.84 ,0.40%,$88 ,17.1,7.00%
AFG,American Financial Group Inc.,$102.33 ,1.60%,"$9,066 ",11.6,18.20%
AFIPA,AMFI Corp.,"$33,950.00 ",0.00%,$,,
AFL,AFLAC Incorporated,$44.78 ,2.30%,"$33,717 ",11.3,26.60%
AFSI,AmTrust Financial Services Inc.,$13.94 ,4.90%,"$2,766 ",-22.1,-107.60%
AGESY,ageas SA/NV,$49.11 ,4.70%,"$9,636 ",10.7,50.90%
AGF.B.TO,AGF Management Limited,$4.94 ,5.90%,$391 ,5.3,31.20%
AGFMF,AGF Management Limited,$4.13 ,6.00%,$305 ,5.9,34.90%
AGM,Federal Agricultural Mortgage Corporation,$65.02 ,3.60%,$694 ,,
AGM.A,Federal Agricultural Mortgage Corporation,$59.91 ,0.00%,$642 ,,
AGO,Assured Guaranty Ltd.,$40.30 ,1.60%,"$4,173 ",,
AGRPY,Absa Group Limited,$22.21 ,5.90%,"$9,254 ",9.2,54.40%
AHL,Aspen Insurance Holdings Limited,$41.57 ,2.30%,"$2,479 ",-44.2,-102.30%
AI,Arlington Asset Investment Corp Class A (new),$8.31 ,18.00%,$252 ,-6.5,-117.00%
AI.TO,Atrium Mortgage Investment Corporation,$13.51 ,6.70%,$493 ,14.4,96.00%
AIG,American International Group Inc.,$43.84 ,3.00%,"$38,093 ",18.9,56.20%
AINV,Apollo Investment Corporation,$5.19 ,11.60%,"$1,092 ",8.1,94.20%
AIVAF,Aviva plc,$5.32 ,7.10%,"$20,548 ",14.5,103.10%
AIZ,Assurant Inc.,$97.86 ,2.50%,"$6,021 ",14,34.50%
AJG,Arthur J. Gallagher & Co.,$77.50 ,2.10%,"$14,169 ",20.7,44.00%
AJMPF,Ashmore Group PLC,$4.40 ,5.10%,"$3,011 ",15.7,80.80%
AJSB,AJS BANCORP INC,$15.57 ,0.00%,$,,
AKBTY,Akbank T.A.S.,$2.61 ,7.50%,"$5,589 ",,
ALIZF,Allianz SE,$217.12 ,4.50%,"$89,629 ",12,53.40%
ALL,Allstate Corporation (The),$88.78 ,2.10%,"$30,342 ",10,20.90%
ALLY,Ally Financial Inc.,$24.75 ,2.50%,"$10,017 ",7.9,19.60%
ALRS,Alerus Financial Corporation,$21.75 ,2.40%,$296 ,14.7,35.90%
AMBK,American Bank Incorporated,$11.75 ,3.40%,$67 ,14.7,49.20%
AMEN,"AMEN Properties, Inc.",$834.00 ,9.60%,$43 ,6.5,62.50%
AMIGF,Admiral Group plc,$25.06 ,4.20%,"$6,861 ",15.7,65.90%
AMIGY,Admiral Group plc,$25.78 ,6.10%,"$6,792 ",16.1,97.80%
AMLTF,AMP Limited,$1.84 ,12.10%,"$5,493 ",14,170.20%
AMLYY,AMP Limited,$7.24 ,8.00%,"$5,338 ",13.9,111.10%
AMNB,American National Bankshares Inc.,$35.74 ,2.80%,$310 ,13.9,39.10%
AMP,Ameriprise Financial Inc.,$123.33 ,2.90%,"$17,031 ",8.6,25.40%
AMRB,American River Bankshares,$15.10 ,1.30%,$89 ,18.2,24.10%
AMRK,A-Mark Precious Metals Inc.,$12.68 ,0.00%,$89 ,79.3,0.00%
AMSF,AMERISAFE Inc.,$63.95 ,1.40%,"$1,234 ",18.4,25.30%
AMTD,TD Ameritrade Holding Corporation,$52.16 ,2.30%,"$28,850 ",17.9,41.90%
ANAT,American National Insurance Company,$127.95 ,2.60%,"$3,386 ",,
ANCX,Access National Corporation,$25.36 ,2.70%,$529 ,14.9,39.90%
ANDC,"Andover Bancorp, Inc.",$23.50 ,3.10%,$57 ,15.2,46.20%
ANEWF,Australia and New Zealand Banking Group Limited,$18.51 ,6.20%,"$52,785 ",11.8,73.20%
ANZBY,Australia and New Zealand Banking Group Limited,$18.15 ,6.20%,"$52,870 ",11.6,72.00%
AON,Aon plc Class A (UK),$162.56 ,1.00%,"$38,937 ",19.5,19.30%
APAM,Artisan Partners Asset Management Inc. Class A,$25.81 ,9.40%,"$1,971 ",8.6,80.90%
APLO,"Apollo Bancorp, Inc.",$48.00 ,4.20%,$24 ,12.4,51.70%
APO,Apollo Global Management LLC Class A Representing Class A Limitied Liability Company Interests,$26.86 ,7.00%,"$10,716 ",13.4,94.40%
AQFH,"Aquesta Financial Holdings, Inc.",$12.47 ,0.80%,$50 ,14.8,11.90%
ARCC,Ares Capital Corporation,$16.89 ,9.30%,"$7,119 ",10.5,98.00%
ARES,Ares Management L.P. representing Limited Partner Interests,$21.85 ,5.20%,"$4,742 ",14.1,72.80%
ARGO,Argo Group International Holdings Ltd.,$67.01 ,1.60%,"$2,271 ",31.8,51.20%
AROW,Arrow Financial Corporation,$34.31 ,3.10%,$484 ,,
ARZGY,Assicurazioni Generali S.p.A.,$7.89 ,5.90%,"$25,527 ",9.7,57.90%
ASB,Associated Banc-Corp,$22.95 ,3.00%,"$3,783 ",12.1,36.00%
ASRV,AmeriServ Financial Inc.,$4.30 ,1.90%,$78 ,,
ASXFF,ASXFF - ASX Limited,$45.17 ,3.70%,"$8,838 ",26.6,98.30%
ASXFY,ASX Limited,$42.74 ,3.50%,"$8,340 ",25.1,89.00%
ATAX,America First Multifamily Investors L.P.,$5.65 ,8.80%,$343 ,9.3,81.80%
ATLO,Ames National Corporation,$27.24 ,3.40%,$254 ,,
AUBN,Auburn National Bancorporation Inc.,$37.00 ,2.60%,$135 ,,
AVAL,Grupo Aval Acciones y Valores S.A. ADR (Each representing 20 preferred shares),$6.82 ,0.00%,"$7,965 ",9.9,0.00%
AVVIY,Aviva plc,$10.31 ,4.60%,"$20,557 ",14.1,64.70%
AXAHY,AXA SA,$23.92 ,6.10%,"$57,321 ",8.9,54.10%
AXP,American Express Company,$107.41 ,1.50%,"$90,629 ",15,22.10%
AXS,Axis Capital Holdings Limited,$53.02 ,2.90%,"$4,492 ",13.5,39.20%
AZIHF,Azimut Holding S.p.A.,$11.91 ,9.70%,"$1,644 ",8.3,80.60%
AZIHY,Azimut Holding S.p.A.,$23.34 ,9.20%,"$1,628 ",8.2,75.70%
AZSEY,Allianz SE,$20.98 ,4.40%,"$90,068 ",11.6,51.30%
BAC,Bank of America Corporation,$27.51 ,2.20%,"$268,713 ",11.6,25.30%
BACHF,Bank of China Limited,$0.42 ,0.00%,"$149,833 ",4.7,0.00%
BALOF,Clere AG,$14.07 ,0.00%,$85 ,,
BANC,Banc of California Inc.,$17.04 ,3.10%,$857 ,23.3,71.70%
BANF,BancFirst Corporation,$55.15 ,2.20%,"$1,805 ",15.8,34.40%
BANR,Banner Corporation,$59.37 ,2.60%,"$2,095 ",15.7,40.40%
BANX,StoneCastle Financial Corp,$21.02 ,7.30%,$137 ,13,94.10%
BAP,Credicorp Ltd.,$220.80 ,2.00%,"$17,353 ",14,27.80%
BARK,Bank of Akron,$211.00 ,0.00%,$,,
BAYK,"Bay Banks of Virginia, Inc.",$8.85 ,1.80%,$117 ,177,316.80%
BBBK,Baker Boyer Bancorp,$65.00 ,4.60%,$85 ,13.2,61.00%
BBD,Banco Bradesco Sa American Depositary Shares,$9.53 ,2.60%,"$62,652 ",10.5,26.80%
BBDC,Barings BDC Inc.,$9.93 ,4.00%,$512 ,165.5,662.70%
BBDO,Banco Bradesco Sa American Depositary Shares (each representing one),$8.40 ,2.80%,"$55,222 ",,
BBSEY,BB Seguridade Participaá?es S.A.,$6.86 ,5.50%,"$14,088 ",13.9,75.90%
BBT,BB&T Corporation,$50.71 ,3.20%,"$39,255 ",13.2,41.90%
BBVA,Banco Bilbao Vizcaya Argentaria S.A.,$5.58 ,4.20%,"$36,274 ",9.1,38.70%
BCBP,BCB Bancorp Inc. (NJ),$11.54 ,4.90%,$182 ,11.4,55.60%
BCDRF,"Banco Santander, S.A.",$4.78 ,5.50%,"$78,143 ",10,54.70%
BCF.V,BUILDERS CAPITAL MORTGAGE CORP,$9.99 ,8.20%,$,,
BCLYF,Barclays PLC,$2.08 ,2.70%,"$37,468 ",74.3,199.90%
BCMXY,"Bank of Communications Co., Ltd.",$17.65 ,0.00%,$,,
BCRH,Blue Capital Reinsurance Holdings Ltd.,$6.15 ,19.90%,$53 ,-14.6,-291.90%
BCS,Barclays PLC,$8.42 ,3.20%,"$35,242 ",6.6,20.80%
BCSO,Bancorp. of Southern Indiana,$45.00 ,2.00%,$,,
BDGE,Bridge Bancorp Inc.,$29.05 ,3.10%,$578 ,,
BDGSF,Bank of Georgia Group PLC,$20.30 ,9.80%,$910 ,,
BDORY,Banco do Brasil S.A.,$11.45 ,1.40%,"$32,151 ",10.1,14.30%
BDOUY,"BDO Unibank, Inc.",$24.24 ,1.00%,"$103,132 ",19.7,19.90%
BEN,Franklin Resources Inc.,$32.27 ,2.90%,"$16,357 ",10.2,29.40%
BEOB,BEO Bancorp,$30.26 ,2.60%,$27 ,11.6,29.80%
BFIN,BankFinancial Corporation,$14.52 ,2.70%,$256 ,16.5,45.10%
BFNC,Bank First National Corporation,$50.74 ,1.60%,$341 ,14.9,23.90%
BFR,BBVA Banco Frances S.A.,$12.43 ,1.80%,"$2,432 ",10.7,18.80%
BGCP,BGC Partners Inc.,$10.14 ,7.10%,"$3,333 ",7.3,52.00%
BHB,Bar Harbor Bankshares Inc.,$24.32 ,3.30%,$374 ,,
BHBK,Blue Hills Bancorp Inc.,$23.15 ,3.40%,$625 ,25.2,86.70%
BHKLY,BOC Hong Kong,$74.22 ,3.60%,"$40,197 ",9.9,35.50%
BHLB,Berkshire Hills Bancorp Inc.,$33.66 ,2.60%,"$1,532 ",12.6,32.90%
BHRB,Burke & Herbert Bank & Trust Company,"$2,933.00 ",3.00%,$556 ,19.4,58.70%
BHWB,"Blackhawk Bancorp, Inc.",$28.96 ,1.40%,$95 ,12.9,17.80%
BIG.D.TO,Big 8 Split Inc.,$17.08 ,1.00%,$15 ,5.5,5.60%
BK,Bank of New York Mellon Corporation (The),$50.08 ,2.30%,"$48,826 ",12.2,27.70%
BK.TO,Canadian Banc Corp.,$10.66 ,11.70%,$123 ,5.9,69.00%
BKCC,BlackRock Capital Investment Corporation,$5.92 ,12.20%,$411 ,8.7,106.40%
BKEAY,"The Bank of East Asia, Limited",$3.20 ,3.90%,"$9,583 ",11,43.40%
BKHPF,Bank Hapoalim B.M.,$7.13 ,2.20%,"$9,404 ",13.1,28.40%
BKHYY,Bank Hapoalim B.M.,$33.76 ,3.00%,"$8,962 ",12.5,37.00%
BKKLY,Bangkok Bank Public Company Limited,$30.62 ,2.00%,"$11,270 ",53.7,108.50%
BKKPF,Bangkok Bank Public Company Limited,$6.49 ,4.20%,"$12,146 ",11.4,47.40%
BKNIY,"Bankinter, S.A.",$8.61 ,3.50%,"$7,752 ",12.7,43.90%
BKQNY,Bank of Queensland Limited,$13.85 ,7.80%,"$2,857 ",11.5,90.00%
BKRKF,PT Bank Rakyat Indonesia,$0.22 ,3.50%,"$30,133 ",12.3,42.70%
BKRKY,,,,,,
BKSC,Bank of South Carolina Corp.,$19.79 ,3.00%,$109 ,,
BKU,BankUnited Inc.,$33.10 ,2.60%,"$3,374 ",9.9,25.30%
BKUT,Bank of Utica,$600.00 ,2.40%,$,,
BKUTK,Bank of Utica,$497.00 ,2.90%,$,,
BLHEF,BALOISE HOLDING AG,$157.00 ,0.00%,$,,
BLHEY,BÉloise Holding AG,$14.92 ,3.80%,"$6,815 ",13.6,50.90%
BLK,BlackRock Inc.,$407.51 ,3.10%,"$63,935 ",15,46.70%
BLR.V,Blackhawk Resource Corp.,$0.05 ,0.00%,$2 ,-2.5,0.00%
BLX,Banco Latinoamericano de Comercio Exterior S.A.,$18.22 ,8.60%,$711 ,10.1,86.60%
BMA,Banco Macro S.A. ADR (representing Ten Class B),$45.75 ,4.60%,"$2,935 ",4.9,22.40%
BMBN,"Benchmark Bankshares, Inc.",$21.01 ,2.40%,$111 ,16.4,39.10%
BMO,Bank Of Montreal,$73.58 ,4.00%,"$46,578 ",10.8,43.60%
BMO.TO,Bank of Montreal,$96.82 ,3.90%,"$62,374 ",13.1,50.80%
BMRC,Bank of Marin Bancorp,$80.50 ,1.70%,$566 ,19.8,34.30%
BMTC,Bryn Mawr Bank Corporation,$38.38 ,2.60%,$779 ,11.8,30.80%
BNCL,Beneficial Bancorp Inc.,$15.08 ,1.60%,"$1,131 ",,
BNDSF,"Banco de Sabadell, S.A.",$1.13 ,4.20%,"$7,436 ",18.8,79.70%
BNDSY,"Banco de Sabadell, S.A.",$2.91 ,5.70%,"$7,436 ",22.4,128.00%
BNKHF,BOC Hong Kong,$3.83 ,0.00%,"$39,632 ",10.1,0.00%
BNPQF,BNP Paribas SA,$51.33 ,0.00%,"$64,390 ",7.5,0.00%
BNPQY,BNP Paribas SA,$25.12 ,6.80%,"$63,727 ",7.4,50.50%
BNS,Bank Nova Scotia Halifax Pfd 3,$53.07 ,5.10%,"$64,191 ",9.8,49.90%
BNS.TO,The Bank of Nova Scotia,$69.67 ,4.80%,"$86,181 ",10.3,49.50%
BOCH,Bank of Commerce Holdings (CA),$12.04 ,1.30%,$200 ,14.7,19.20%
BOH,Bank of Hawaii Corporation,$78.09 ,3.20%,"$3,234 ",15.5,49.70%
BOKF,BOK Financial Corporation,$81.83 ,2.40%,"$5,343 ",12.7,31.10%
BOLYY,"Bolsas y Mercados Espa§oles, Sociedad Holding de Mercados y Sistemas Financieros, S.A.",$14.49 ,6.40%,"$2,406 ",15.1,97.20%
BORT,Bank Of Botetourt,$30.70 ,2.00%,$,,
BOTJ,Bank of the James Financial Group Inc.,$13.75 ,1.70%,$60 ,,
BPFH,Boston Private Financial Holdings Inc.,$12.85 ,3.70%,"$1,084 ",13.8,51.60%
BPHLF,Bank of the Philippine Islands,$1.37 ,2.50%,"$6,168 ",13.7,34.50%
BPHLY,BK OF PHILIP ISLAN,$37.89 ,0.00%,$,,
BPOP,Popular Inc.,$53.78 ,1.90%,"$5,337 ",13.1,24.70%
BPXXY,BPER Banca S.p.A.,$8.47 ,3.00%,"$1,841 ",4.5,13.80%
BRBS,"Blue Ridge Bankshares, Inc.",$17.50 ,3.10%,$49 ,12.6,38.90%
BRKL,Brookline Bancorp Inc.,$14.89 ,2.80%,"$1,195 ",14.7,41.70%
BRO,Brown & Brown Inc.,$28.52 ,1.10%,"$8,034 ",23.8,26.80%
BSAC,Banco Santander - Chile ADS,$30.77 ,4.80%,"$14,369 ",15.5,75.00%
BSBR,Banco Santander Brasil SA American Depositary Shares each representing one unit,$11.04 ,3.00%,"$82,614 ",15.1,45.30%
BSIG,BrightSphere Investment Group plc,$12.76 ,3.20%,"$1,335 ",6.8,21.70%
BSMX,Banco Santander (Mexico) S.A. Institucion de Banca Multiple Grupo Financiero Santander Mexico,$6.32 ,6.70%,"$8,294 ",8.2,54.70%
BSO.UN.TO,Brookfield Select Opportunities Income Fund,$3.90 ,14.10%,$,,
BSPA,"Ballston Spa Bancorp, Inc.",$51.50 ,2.60%,$38 ,8.8,22.60%
BSRR,Sierra Bancorp,$27.08 ,2.30%,$418 ,14.6,34.00%
BTOF,,$0.00 ,0.00%,$,,
BUSE,First Busey Corporation,$27.83 ,2.90%,"$1,349 ",14,40.50%
BWFG,Bankwell Financial Group Inc.,$29.75 ,1.60%,$233 ,,
BX,The Blackstone Group L.P. Representing Limited Partnership Interests,$31.84 ,8.30%,"$37,253 ",10.5,87.10%
BXS,BancorpSouth Bank,$29.57 ,2.30%,"$2,931 ",14.2,32.90%
BYLB,"Boyle Bancorp, Inc.",$72.16 ,3.70%,$,,
C,Citigroup Inc.,$63.24 ,2.90%,"$152,707 ",10,28.80%
CAC,Camden National Corporation,$41.77 ,2.90%,$640 ,13,38.00%
CAIXY,"CaixaBank, S.A.",$1.34 ,7.90%,"$24,954 ",10.5,82.60%
CARO,Carolina Financial Corporation,$33.44 ,0.80%,$752 ,12.5,10.50%
CASH,Meta Financial Group Inc.,$22.87 ,0.90%,$897 ,10.4,9.10%
CATC,Cambridge Bancorp,$86.00 ,2.30%,$353 ,,
CATY,Cathay General Bancorp,$38.53 ,3.20%,"$3,133 ",12.2,39.10%
CB,Chubb Limited,$132.98 ,2.20%,"$61,264 ",12.5,27.60%
CBAF,CITBA Financial Corporation,$58.60 ,1.40%,$54 ,55.8,76.50%
CBAN,Colony Bankcorp Inc.,$17.00 ,1.20%,$143 ,,
CBAUF,Commonwealth Bank of Australia,$49.80 ,6.70%,"$90,339 ",13,86.60%
CBCZ,Comunibanc Corp.,$29.75 ,2.60%,$,,
CBFV,CB Financial Services Inc.,$25.56 ,3.40%,$138 ,18.3,62.90%
CBGPY,Close Brothers Group plc,$37.88 ,6.10%,"$2,889 ",10.7,65.30%
CBHC,CBC HOLDING CO,$13.50 ,0.00%,$,,
CBKM,"Consumers Bancorp, Inc.",$23.10 ,2.20%,$63 ,14.6,32.60%
CBL.TO,Callidus Capital Corporation,$1.65 ,87.00%,$89 ,-0.4,-32.00%
CBNC,County Bank Corp,$47.00 ,3.00%,$82 ,14.8,44.20%
CBOE,Cboe Global Markets Inc.,$110.10 ,1.10%,"$12,342 ",25.3,28.50%
CBSH,Commerce Bancshares Inc.,$65.09 ,1.40%,"$6,941 ",17.6,25.30%
CBU,Community Bank System Inc.,$63.33 ,2.40%,"$3,238 ",19.4,46.50%
CBWBF,Canadian Western Bank,$22.26 ,3.50%,"$2,006 ",10.8,37.20%
CCBG,Capital City Bank Group,$24.21 ,1.50%,$419 ,20.7,30.30%
CCFN,"CCFNB Bancorp, Inc.",$50.72 ,3.00%,$111 ,13.8,41.30%
CCGDF,"China Cinda Asset Management Co., Ltd.",$0.24 ,0.00%,"$10,180 ",3.4,0.00%
CCI.UN.TO,Canadian Convertibles Plus Fund,$5.01 ,12.30%,$,,
CCNE,CNB Financial Corporation,$25.58 ,2.70%,$390 ,12.5,33.40%
CCORF,Canaccord Genuity Group Inc.,$5.05 ,0.60%,$490 ,18,10.60%
CCYY,Clarion County Community Bank,$9.36 ,1.50%,$16 ,20.3,30.50%
CDD.UN.TO,Core Canadian Dividend Trust,$5.45 ,7.00%,$,,
CEBCF,CHINA EVERBRIGHT B,$0.50 ,0.00%,$,,
CEFC,Commercial National Financial Corporation,$11.40 ,4.30%,$47 ,9.6,41.50%
CEVIF,China Everbright Limited,$1.84 ,0.00%,"$3,295 ",5.3,0.00%
CEVIY,China Everbright Limited,$17.97 ,3.70%,"$3,188 ",5.2,19.10%
CF.TO,Canaccord Genuity Group Inc.,$6.72 ,0.60%,$663 ,18.2,10.40%
CFFI,C&F Financial Corporation,$53.84 ,2.70%,$189 ,,
CFFN,Capitol Federal Financial Inc.,$13.24 ,2.60%,"$1,867 ",20.7,53.20%
CFG,Citizens Financial Group Inc.,$35.41 ,3.10%,"$16,485 ",10.7,32.90%
CFIGY,CHALLENGER LIMITED,$84.88 ,0.00%,$,,
CFNB,California First National Bancorp,$13.30 ,3.50%,$137 ,88.7,306.70%
CFR,Cullen/Frost Bankers Inc.,$97.70 ,2.70%,"$6,279 ",14.9,40.80%
CG,The Carlyle Group L.P.,$18.33 ,9.70%,"$5,856 ",7.6,73.70%
CGMBF,"China Minsheng Banking Corp., Ltd.",$0.70 ,3.30%,"$34,103 ",3.9,12.90%
CHBH,"Croghan Bancshares, Inc.",$54.00 ,3.10%,$123 ,10.8,33.40%
CHBJF,China CITIC Bank Corporation Limited,$0.70 ,0.00%,$,,
CHCJY,China CITIC Bank Corporation Limited,$12.63 ,6.50%,"$38,874 ",4.7,30.50%
CHCO,City Holding Company,$75.36 ,2.80%,"$1,169 ",15.4,43.20%
CHFC,Chemical Financial Corporation,$46.61 ,2.90%,"$3,321 ",12.3,36.10%
CHFN,Charter Financial Corp.,$24.91 ,1.40%,$380 ,25.4,34.70%
CHMG,Chemung Financial Corp,$42.94 ,2.40%,$206 ,,
CHPXF,China Pacific Insurance,$4.25 ,0.00%,$,,
CHPXY,China Pacific Insurance,$15.26 ,0.00%,$,,
CHW.TO,Chesswood Group Limited,$10.55 ,8.10%,$187 ,6.2,49.80%
CHWWF,Chesswood Group Limited,$7.77 ,8.20%,$139 ,6.1,49.50%
CHYFF,CATHAY FINL HLDG,$12.50 ,0.00%,$,,
CHYYY,,$0.00 ,0.00%,$,,
CIB,BanColombia S.A.,$41.65 ,3.30%,"$9,907 ",11.4,37.40%
CIBEY,Commercial International Bank,$4.53 ,1.20%,"$5,405 ",12.2,14.80%
CIBN,"Community Investors Bancorp, Inc.",$16.70 ,2.20%,$13 ,13.9,30.10%
CIC.TO,First Asset CanBanc Income Class ETF,$11.22 ,0.00%,$,,
CICHF,China Construction Bank Corporation,$0.84 ,0.00%,"$242,532 ",5.4,0.00%
CIFAF,CI Financial Corp,$14.62 ,3.60%,"$3,625 ",9.1,33.20%
CIHHF,"China Merchants Bank Co., Ltd.",$3.95 ,0.00%,"$90,164 ",8.4,0.00%
CIHKY,"China Merchants Bank Co., Ltd.",$19.69 ,3.10%,"$90,645 ",8.3,26.00%
CIIHF,CITIC SECURITIES,$1.98 ,0.00%,$,,
CILJF,China Life Insurance Company Limited,$2.12 ,0.00%,"$85,894 ",15.9,0.00%
CIMDF,CIMB Group Holdings Berhad,$1.45 ,0.00%,"$12,867 ",9.7,0.00%
CINF,Cincinnati Financial Corporation,$79.80 ,2.70%,"$12,985 ",24.2,64.30%
CIQ.UN.TO,CIQ-UN.TO - Canadian High Income Equity Fund,$7.86 ,7.20%,$,,
CIT,CIT Group Inc (DEL),$44.88 ,2.30%,"$4,664 ",11.6,26.20%
CIVB,Civista Bancshares Inc.,$21.23 ,1.70%,$231 ,12.3,20.60%
CIWV,Citizens Financial Corp.,$13.25 ,3.60%,$24 ,16.4,59.20%
CIX.TO,CI Financial Corp,$19.47 ,3.60%,"$4,878 ",9.1,33.00%
CIXPF,"CaixaBank, S.A.",$4.12 ,4.90%,"$26,181 ",10.8,53.50%
CIZN,Citizens Holding Company,$21.77 ,4.40%,$107 ,,
CLDB,Cortland Bancorp,$21.00 ,2.10%,$93 ,13.5,27.90%
CM,Canadian Imperial Bank of Commerce,$85.30 ,5.00%,"$37,232 ",9,44.80%
CM.TO,Canadian Imperial Bank of Commerce,$112.25 ,4.80%,"$50,006 ",9.8,47.00%
CMA,Comerica Incorporated,$79.48 ,3.00%,"$12,755 ",12.1,36.70%
CMAKY,"China Minsheng Banking Corp., Ltd.",$7.36 ,3.20%,"$33,026 ",4.1,13.20%
CME,CME Group Inc.,$191.44 ,1.50%,"$68,750 ",31,45.20%
CMFN,CM Finance Inc,$7.98 ,12.50%,$109 ,7.9,99.00%
CMFP,"Community First Bancorp, Inc.",$51.00 ,0.50%,$,,
CMGGF,Commercial International Bank,$4.25 ,1.30%,"$5,344 ",11.5,15.30%
CMTDF,"Sumitomo Mitsui Trust Holdings, Inc.",$39.87 ,3.10%,"$15,251 ",9.8,30.10%
CMTV,Community Bancorp,$16.50 ,4.50%,$85 ,11,49.90%
CMWAY,Commonwealth Bank of Australia,$49.57 ,6.60%,"$89,901 ",12.9,85.20%
CNA,CNA Financial Corporation,$46.76 ,3.00%,"$12,648 ",11,33.10%
CNAF,Commercial National Financial Corporation,$22.50 ,4.70%,$64 ,9.5,44.30%
CNBA,"Chester Bancorp, Inc.",$20.00 ,0.00%,$,,
CNBKA,Century Bancorp Inc. Class A Common Stock,$80.86 ,0.60%,$449 ,,
CNBKB,CENTURY BANCP INC,$41.25 ,0.00%,$,,
CNBW,CNB Corp.,$80.25 ,2.60%,$133 ,95.5,243.60%
CNBZ,CNB Corporation,$22.00 ,3.60%,$27 ,20.4,74.10%
CNND,Canandaigua National Corporation,$175.00 ,2.90%,$329 ,15.1,43.20%
CNO,CNO Financial Group Inc.,$18.01 ,2.30%,"$2,926 ",8.7,19.60%
CNOB,ConnectOne Bancorp Inc.,$19.98 ,1.50%,$644 ,9.3,13.90%
CNPAF,Cnp A Flessibile,$18.95 ,0.00%,$,,
CNPAY,CNP Assurances SA,$11.12 ,4.30%,"$15,064 ",10.4,45.00%
CNS,Cohen & Steers Inc,$34.91 ,3.80%,"$1,630 ",14.5,55.10%
COBZ,CoBiz Financial Inc.,$22.14 ,1.80%,$939 ,26.7,48.20%
COF,Capital One Financial Corporation,$86.55 ,1.90%,"$40,739 ",8.2,15.20%
COHN,Cohen & Company Inc.,$8.18 ,9.30%,$11 ,,
COLB,Columbia Banking System Inc.,$38.43 ,2.70%,"$2,824 ",16.3,43.90%
CPF,Central Pacific Financial Corp New,$27.22 ,3.10%,$797 ,14.6,44.80%
CPKF,"Chesapeake Financial Shares, Inc.",$30.10 ,1.80%,$121 ,11.5,21.00%
CPTA,Capitala Finance Corp.,$7.99 ,12.70%,$126 ,7.9,100.30%
CRARF,CrÇdit Agricole S.A.,$12.05 ,0.00%,"$34,936 ",8.8,0.00%
CRARY,CrÇdit Agricole S.A.,$5.99 ,5.90%,"$35,141 ",8.8,52.10%
CRD.A,Crawford & Company,$8.95 ,0.00%,$276 ,,
CRD.B,Crawford & Company,$9.08 ,0.00%,$223 ,11.9,0.00%
CRQDF,"CrÇdito Real, S.A.B. de C.V., Sociedad Financiera de Objeto M£ltiple, Entidad Regulada",$1.16 ,0.00%,$406 ,5.5,0.00%
CRWN.TO,Crown Capital Partners Inc.,$10.14 ,5.90%,$98 ,14.5,85.30%
CRZY,Crazy Woman Creek Bancorp,$18.25 ,1.70%,$16 ,13.3,22.60%
CS,Credit Suisse Group American Depositary Shares,$11.98 ,2.10%,"$29,914 ",15.2,32.20%
CSBB,"CSB Bancorp, Inc.",$40.65 ,2.40%,$111 ,12.8,30.30%
CSFL,CenterState Bank Corporation,$24.23 ,1.70%,"$2,039 ",,
CSGKF,Credit Suisse Group AG,$11.73 ,0.00%,"$30,625 ",-83.8,0.00%
CSHX,Cashmere Valley Bank,$66.00 ,1.80%,$267 ,13,23.30%
CSKL,"Catskill Hudson Bancorp, Inc.",$27.40 ,1.50%,$19 ,11.6,16.90%
CSWC,Capital Southwest Corporation,$19.09 ,7.10%,$311 ,25.1,179.10%
CTBI,Community Trust Bancorp Inc.,$44.50 ,3.20%,$799 ,13.3,42.60%
CTUY,Century Next Financial Corporation,$35.00 ,1.70%,$38 ,13.5,23.00%
CTYP,Community Bankers Corporation,$8.14 ,4.30%,$,,
CVBF,CVB Financial Corporation,$22.79 ,2.50%,"$3,197 ",18.7,45.90%
CVCY,Central Valley Community Bancorp,$19.52 ,1.80%,$270 ,13.6,24.90%
CVG.TO,Clairvest Group Inc.,$45.01 ,0.20%,$686 ,4.2,0.90%
CVLY,Codorus Valley Bancorp Inc,$23.65 ,2.60%,$224 ,,
CWB.TO,Canadian Western Bank,$29.42 ,3.40%,"$2,638 ",10.7,36.20%
CWBC,Community West Bancshares,$10.27 ,1.90%,$85 ,,
CYFL,Century Financial Corporation,$21.60 ,2.80%,$41 ,26.3,73.20%
CYHC,"Country Bank Holding Company, Inc.","$29,000.00 ",4.80%,$,,
CYHT,,$0.00 ,0.00%,$,,
CYVF,Crystal Valley Financial Corporation,$51.00 ,2.40%,$79 ,10.8,25.30%
CZBC,Citizens Bancorp,$20.60 ,1.80%,$111 ,17.6,31.70%
CZBS,Citizens Bancshares Corporation,$10.55 ,2.20%,$25 ,12.1,26.90%
CZBT,"Citizens Bancorp of Virginia, Inc.",$26.00 ,3.40%,$57 ,14.1,47.30%
CZFC,Citizens First Corporation,$23.85 ,1.20%,$61 ,,
CZFS,"Citizens Financial Services, Inc.",$61.75 ,2.90%,$217 ,13.5,38.70%
CZNC,Citizens & Northern Corp,$25.84 ,4.30%,$306 ,,
CZNL,Citizens National Corporation,$60.00 ,1.40%,$63 ,18,25.20%
CZWI,Citizens Community Bancorp Inc.,$11.80 ,1.70%,$70 ,,
DB,Deutsche Bank AG,$9.46 ,1.20%,"$19,059 ",-8.4,-10.10%
DBCP,Delmar Bancorp,$7.90 ,1.30%,$79 ,17.2,21.80%
DBIN,"Dacotah Banks, Inc.",$36.50 ,1.40%,$408 ,19.6,26.90%
DBOEF,Deutsche Bîrse Aktiengesellschaft,$127.05 ,0.00%,"$24,495 ",22.5,0.00%
DBOEY,Deutsche Bîrse Aktiengesellschaft,$12.63 ,2.30%,"$24,009 ",22.6,51.20%
DBSDF,DBS Group Holdings Ltd,$16.69 ,5.30%,"$43,203 ",10.8,57.30%
DBSDY,DBS Group Holdings Ltd,$65.27 ,5.30%,"$42,588 ",10.6,56.10%
DCNSF,"Dai-ichi Life Holdings, Inc.",$19.37 ,4.30%,"$21,175 ",7.1,30.70%
DCOM,Dime Community Bancshares Inc.,$16.81 ,3.30%,$630 ,12.5,41.40%
DENI,"Denali Bancorporation, Inc.",$11.76 ,5.10%,$33 ,16.6,84.50%
DF.TO,Dividend 15 Split Corp. II,$3.75 ,20.80%,$,,
DFS,Discover Financial Services,$69.05 ,2.30%,"$22,926 ",9.4,22.10%
DGICA,Donegal Group Inc. Class A Common Stock,$13.69 ,4.20%,$387 ,-21.4,-89.10%
DGICB,Donegal Group Inc. Class B Common Stock,$12.48 ,4.00%,$353 ,,
DGRLY,Delek Group Ltd.,$17.01 ,5.40%,"$1,930 ",5.7,30.30%
DIISY,Direct Line Insurance Group plc,$16.16 ,11.80%,"$5,418 ",10.8,127.30%
DIMC,"Dimeco, Inc.",$43.85 ,2.60%,$108 ,17.5,44.70%
DIV.TO,Diversified Royalty Corp.,$2.61 ,8.30%,$284 ,23.7,197.60%
DLKGF,DELEK GROUP,$133.50 ,0.00%,$,,
DMNB,DIAMOND BANCSHARES,$62.70 ,0.00%,$,,
DMSQ,Damariscotta Bankshares Inc.,$12.74 ,3.10%,$,,
DNBF,DNB Financial Corp,$34.80 ,0.80%,$150 ,14.5,11.70%
DNBHF,DNB ASA,$16.78 ,4.80%,"$26,283 ",9.6,45.50%
DNHBY,DNB ASA,$16.87 ,5.00%,"$27,340 ",9.6,48.00%
DNKEY,Danske Bank A/S,$9.97 ,7.70%,"$17,104 ",7,54.30%
DNSKF,Danske Bank A/S,$21.17 ,7.80%,"$17,883 ",7.5,58.40%
DS.TO,Dividend Select 15 Corp.,$7.05 ,11.50%,$,,
DSECF,Daiwa Securities Group Inc.,$5.50 ,4.50%,"$8,010 ",10.4,46.70%
DSFGY,Dah Sing Financial Holdings Limited,$17.38 ,3.20%,"$1,934 ",9.5,30.00%
DSFN,DSA Financial Corporation,$11.75 ,3.70%,$16 ,19.6,73.20%
DWNX,Delhi Bank Corp.,$31.00 ,2.30%,$48 ,30.4,68.70%
EBKDY,Erste Group Bank AG,$19.94 ,3.40%,"$16,489 ",9.9,33.60%
EBMT,Eagle Bancorp Montana Inc.,$16.71 ,2.20%,$91 ,15.9,35.20%
EBSB,Meridian Bancorp Inc.,$15.99 ,1.30%,$864 ,14.1,17.70%
EBSH,"Empire Bancshares, Inc.",$22.51 ,1.50%,$,,
EBTC,Enterprise Bancorp Inc,$30.40 ,1.90%,$356 ,,
ECC,Eagle Point Credit Company Inc.,$16.67 ,14.50%,$384 ,10,144.40%
ECF.UN.TO,East Coast Investment Grade Income Fund,$9.88 ,4.90%,$,,
EDNMF,Edenred SA,$39.65 ,0.00%,$,,
EDNMY,Edenred SA,$18.20 ,2.60%,"$8,647 ",29.8,78.20%
EFC,Ellington Financial LLC representing Limitied Liability Company Interests no par valu,$15.85 ,10.40%,$478 ,12.2,126.20%
EFGXY,EFG International AG,$7.06 ,3.50%,"$1,927 ",-26.1,-92.60%
EFIN,Eastern Michigan Financial Corporation,$24.99 ,2.70%,$30 ,9.2,25.00%
EFN.TO,Element Fleet Management Corp.,$6.93 ,2.50%,"$3,047 ",-9.2,-23.10%
EFSC,Enterprise Financial Services Corporation,$43.68 ,1.20%,"$1,020 ",13.1,15.50%
EFSI,"Eagle Financial Services, Inc.",$32.80 ,2.90%,$114 ,13.2,38.20%
EHMEF,goeasy Ltd.,$29.48 ,2.30%,$440 ,13.4,31.10%
EIG,Employers Holdings Inc,$44.90 ,1.80%,"$1,481 ",11.6,20.60%
ELF.TO,E-L Financial Corporation Limited,$819.00 ,0.60%,"$3,228 ",6.7,4.20%
ELFIF,E-L Financial Corporation Limited,$612.46 ,0.60%,"$2,404 ",6.7,4.20%
ELMA,"Elmer Bancorp, Inc.",$18.95 ,3.20%,$,,
EMCF,Emclaire Financial Corp,$33.91 ,3.30%,$77 ,,
EMCI,EMC Insurance Group Inc.,$31.53 ,2.90%,$695 ,23.9,68.20%
EMYB,"Embassy Bancorp, Inc.",$15.90 ,1.10%,$119 ,13.9,14.90%
ENBP,ENB Financial Corp,$35.50 ,3.20%,$101 ,12.5,40.40%
EQB.TO,Equitable Group Inc.,$67.26 ,1.60%,"$1,128 ",6.9,11.10%
ERIE,Erie Indemnity Company,$134.08 ,2.50%,"$6,966 ",26.2,66.10%
ERM.TO,Eclipse Residential Mortgage Investment Corporation,$9.53 ,7.60%,$,,
ESBK,Elmira Savings Bank NY (The),$19.93 ,4.60%,$61 ,,
ESSA,ESSA Bancorp Inc.,$16.22 ,2.20%,$190 ,,
EUZOF,Eurazeo SE,$75.00 ,0.00%,"$5,715 ",10,0.00%
EV,Eaton Vance Corporation,$41.74 ,3.40%,"$4,865 ",13.6,46.20%
EVBN,Evans Bancorp Inc.,$39.40 ,2.30%,$191 ,,
EVR,Evercore Inc. Class A,$78.87 ,2.60%,"$3,168 ",11.8,30.20%
EWBC,East West Bancorp Inc.,$51.07 ,1.80%,"$7,360 ",11.7,21.30%
EXCH,"Exchange Bankshares, Inc.",$49.00 ,1.50%,$,,
EXSR,Exchange Bank,$159.00 ,2.50%,$273 ,9.3,23.00%
EXXRF,Exor N.V.,$55.75 ,0.00%,"$13,112 ",9.4,0.00%
FABK,First Advantage Bancorp,$24.99 ,2.10%,$102 ,16.1,33.50%
FABP,Farmers Bancorp,$43.62 ,2.40%,$96 ,27.4,65.30%
FAF,First American Corporation (New),$46.45 ,3.70%,"$5,115 ",10.8,39.80%
FANDY,FirstRand Limited,$49.90 ,4.00%,"$27,898 ",14.3,56.80%
FANH,Fanhua Inc.,$26.86 ,4.70%,"$1,560 ",,
FBAK,First National Bank Alaska,$283.00 ,4.60%,$897 ,19.6,89.20%
FBIP,"FNB Bancorp, Inc.",$145.00 ,2.40%,$,,
FBIZ,First Business Financial Services Inc.,$20.32 ,2.80%,$178 ,11,30.30%
FBMS,The First Bancshares Inc.,$34.25 ,0.60%,$455 ,15.9,9.20%
FBNC,First Bancorp,$39.07 ,1.00%,"$1,163 ",14.7,15.10%
FBNK,First Connecticut Bancorp Inc.,$28.99 ,2.30%,$465 ,18.9,44.40%
FBPA,The Farmers Bank of Appomattox,$30.00 ,2.50%,$33 ,13.8,35.00%
FBPI,"First Bancorp of Indiana, Inc.",$19.05 ,3.30%,$33 ,37.4,121.40%
FBSS,Fauquier Bankshares Inc.,$22.00 ,2.20%,$83 ,,
FBTT,"First Bankers Trustshares, Inc.",$32.41 ,1.90%,$100 ,14,25.80%
FBVA,"Farmers Bankshares, Inc.",$16.75 ,2.60%,$51 ,11.4,30.00%
FBVI,FCN Banc Corp.,$32.01 ,3.90%,$48 ,12,46.60%
FC.TO,Firm Capital Mortgage Investment Corporation,$13.21 ,3.60%,$347 ,13.8,49.70%
FCAP,First Capital Inc.,$40.28 ,2.30%,$134 ,,
FCBC,First Community Bankshares Inc.,$33.03 ,7.60%,$552 ,,
FCBI,"Frederick County Bancorp, Inc.",$30.50 ,1.10%,$47 ,18.5,19.40%
FCBP,First Choice Bancorp,$22.01 ,3.60%,$161 ,,
FCCO,First Community Corporation,$22.70 ,1.80%,$173 ,16.3,28.70%
FCCY,1st Constitution Bancorp (NJ),$19.30 ,1.50%,$165 ,13,19.90%
FCF,First Commonwealth Financial Corporation,$13.79 ,2.60%,"$1,362 ",13.4,35.20%
FCF.V,Founders Advantage Capital Corp.,$1.30 ,3.70%,$3 ,-5.4,-19.90%
FCFS,FirstCash Inc.,$84.84 ,1.20%,"$3,711 ",25.3,29.90%
FCNCA,First Citizens BancShares Inc. Class A Common Stock,$425.03 ,0.40%,"$5,033 ",,
FCNCB,"First Citizens BancShares, Inc.",$385.00 ,0.40%,"$5,026 ",12.6,5.20%
FDBC,Fidelity D & D Bancorp Inc.,$54.54 ,1.90%,$205 ,,
FDEF,First Defiance Financial Corp.,$27.19 ,2.50%,$554 ,12.8,31.90%
FDS,FactSet Research Systems Inc.,$227.34 ,1.10%,"$8,618 ",27.6,31.20%
FDUS,Fidus Investment Corporation,$13.86 ,11.20%,$340 ,10.3,116.30%
FETM,"Fentura Financial, Inc.",$21.69 ,1.10%,$99 ,7.7,8.50%
FFBC,First Financial Bancorp.,$26.95 ,3.00%,"$2,638 ",12.7,37.70%
FFDF,FFDF - FFD Financial Corporation,$50.30 ,3.20%,$50 ,9.6,30.50%
FFG,FBL Financial Group Inc.,$70.29 ,2.60%,"$1,735 ",15,39.50%
FFH.TO,Fairfax Financial Holdings Limited,$604.10 ,2.00%,"$16,534 ",10.2,20.70%
FFIC,Flushing Financial Corporation,$22.43 ,3.60%,$626 ,13,46.40%
FFIN,First Financial Bankshares Inc.,$65.00 ,1.30%,"$4,436 ",32.2,41.20%
FFKT,Farmers Capital Bank Corporation,$56.90 ,0.90%,$428 ,19.8,17.40%
FFMH,First Farmers and Merchants Corporation,$42.87 ,1.90%,$191 ,15,28.10%
FFMR,First Farmers Financial Corporation,$41.73 ,2.20%,$300 ,17.8,38.90%
FFN.PR.A.TO,,$0.00 ,0.00%,$,,
FFN.TO,North American Financial 15 Split Corp.,$6.44 ,18.20%,$126 ,7.1,128.70%
FFNW,First Financial Northwest Inc.,$15.70 ,2.00%,$171 ,10.2,20.80%
FFWC,FFW Corporation,$42.40 ,2.00%,$49 ,11,21.80%
FGBI,First Guaranty Bancshares Inc.,$21.50 ,3.00%,$187 ,,
FGFH,"Foresight Financial Group, Inc.",$35.90 ,0.90%,$132 ,13.5,12.10%
FHN,First Horizon National Corporation,$16.25 ,3.00%,"$5,228 ",11.9,35.50%
FIBH,First Bancshares Inc.,$46.25 ,2.30%,$26 ,13,30.50%
FIBK,First Interstate BancSystem Inc.,$41.91 ,2.70%,"$2,559 ",15.3,40.60%
FIDS,"FNB, Inc.",$31.40 ,5.10%,$,,
FIGR,The First National Bank of Groton,$560.00 ,2.70%,$,,
FII,Federated Investors Inc.,$26.44 ,4.20%,"$2,604 ",11.1,46.10%
FIIT,"First Security, Inc.",$38.00 ,1.80%,$95 ,40.4,72.40%
FINN,"First National of Nebraska, Inc.","$8,315.00 ",1.20%,"$2,287 ",10.6,12.50%
FISI,Financial Institutions Inc.,$28.58 ,3.30%,$461 ,11.7,38.90%
FITB,Fifth Third Bancorp,$26.91 ,2.70%,"$17,636 ",11.4,30.50%
FIZN,"First Citizens Bancshares, Inc.",$62.00 ,1.90%,$246 ,14,27.20%
FKYS,First Keystone Corporation,$23.75 ,4.40%,$137 ,14.8,64.30%
FLEW,Fleetwood Bank Corporation,$76.11 ,2.60%,$22 ,18.9,49.80%
FLIC,The First of Long Island Corporation,$20.62 ,3.30%,$524 ,13.1,43.10%
FMAO,Farmers & Merchants Bancorp Inc.,$41.71 ,1.40%,$383 ,25.4,34.40%
FMBH,First Mid-Illinois Bancshares Inc.,$35.29 ,2.00%,$543 ,13.5,27.40%
FMBI,First Midwest Bancorp Inc.,$22.68 ,2.10%,"$2,406 ",14.8,31.50%
FMBL,Farmers & Merchants Bank of Long Beach,"$8,400.00 ",1.10%,"$1,100 ",14.7,16.30%
FMBM,F&M Bank Corp.,$33.50 ,3.00%,$109 ,15.2,44.90%
FMBN,"Farmers & Merchants Bancshares, Inc.",$40.26 ,2.50%,$67 ,,
FMCB,Farmers & Merchants Bancorp,$703.00 ,2.00%,$551 ,15.7,30.90%
FMFG,"Farmers and Merchants Bancshares, Inc.",$32.15 ,2.50%,$54 ,12.7,31.50%
FMFP,First Community Financial Corporation,$28.50 ,3.70%,$80 ,22.4,81.90%
FMIA,"First Miami Bancorp, Inc.","$1,290.00 ",0.50%,$113 ,10.4,4.70%
FMNB,Farmers National Banc Corp.,$13.66 ,2.40%,$365 ,12.3,29.80%
FMOO,F&M Bancorp,$56.50 ,0.00%,$,,
FN.TO,First National Financial Corporation,$28.75 ,6.60%,"$1,714 ",9.7,64.20%
FNB,F.N.B. Corporation,$12.22 ,4.00%,"$3,924 ",11.5,45.70%
FNCB,FNCB Bancorp Inc.,$9.00 ,2.20%,$151 ,,
FNF,FNF Group of Fidelity National Financial Inc.,$32.62 ,3.70%,"$8,879 ",12.3,45.60%
FNFI,"First Niles Financial, Inc.",$9.11 ,2.20%,$10 ,43.4,95.40%
FNHC,FedNat Holding Company,$22.42 ,1.40%,$288 ,9.2,13.10%
FNLC,First Bancorp Inc (ME),$28.39 ,4.10%,$304 ,,
FNLIF,First National Financial Corporation,$22.67 ,6.40%,"$1,352 ",10.2,65.10%
FPAFF,First Pacific Company Limited,$0.46 ,0.00%,"$1,804 ",16.3,0.00%
FPAFY,First Pacific Company Limited,$2.03 ,4.70%,"$1,814 ",14.5,68.40%
FPBF,FPB Financial Corp.,$28.50 ,1.30%,$75 ,20.2,25.30%
FPLPF,Provident Financial plc,$7.34 ,0.00%,"$1,743 ",-5.8,0.00%
FPLPY,Provident Financial plc,$7.25 ,60.00%,"$1,838 ",-5.8,-345.30%
FRAF,Franklin Financial Services Corporation,$33.41 ,3.20%,$147 ,-29.6,-94.90%
FRC,FIRST REPUBLIC BANK,$93.03 ,0.80%,"$15,105 ",20.1,15.80%
FRFC,First Robinson Financial Corporation,$54.00 ,2.20%,$31 ,15.2,32.70%
FRFHF,Fairfax Financial Holdings Limited,$453.96 ,2.20%,"$12,449 ",7.7,16.60%
FRME,First Merchants Corporation,$40.60 ,2.20%,"$2,024 ",13.6,29.40%
FSAM,Fifth Street Asset Management Inc.,$1.34 ,39.10%,$26 ,-1.7,-66.30%
FSBW,FS Bancorp Inc.,$46.30 ,1.20%,$171 ,10.7,13.00%
FSDK,The First Citizens National Bank of Upper Sandusky,$91.34 ,0.00%,$,,
FSFF,"First Suffield Financial, Inc.","$11,935.00 ",1.70%,$60 ,,
FSFG,First Savings Financial Group Inc.,$58.77 ,1.00%,$135 ,,
FSIC,FS Investment Corporation,$6.00 ,12.70%,"$1,435 ",7,88.40%
FSZ.TO,Fiera Capital Corporation,$11.65 ,6.60%,"$1,143 ",-291.3,-1910.60%
FULT,Fulton Financial Corporation,$16.80 ,2.90%,"$2,923 ",14.9,43.00%
FUSB,First US Bancshares Inc.,$8.77 ,0.90%,$53 ,,
FXLG,FS Bancorp,$68.00 ,2.90%,$149 ,20.1,59.10%
FXNC,First National Corporation,$19.35 ,1.00%,$96 ,10.5,10.80%
GABC,German American Bancorp Inc.,$30.98 ,1.90%,$777 ,16.4,31.60%
GAIN,Gladstone Investment Corporation,$9.70 ,8.40%,$318 ,12.9,108.80%
GARS,Garrison Capital Inc.,$7.51 ,12.50%,$118 ,6.9,86.60%
GBCI,Glacier Bancorp Inc.,$45.77 ,2.30%,"$3,852 ",22.5,51.40%
GBDC,Golub Capital BDC Inc.,$18.60 ,6.90%,"$1,111 ",14.6,101.20%
GBL,Gamco Investors Inc.,$20.89 ,0.40%,$610 ,,
GBLBY,Groupe Bruxelles Lambert SA,$9.16 ,0.00%,$,,
GBNK,Guaranty Bancorp,$25.25 ,2.60%,$742 ,13.5,34.70%
GBOOF,"Grupo Financiero Banorte, S.A.B. de C.V.",$4.63 ,0.00%,"$14,166 ",10.8,0.00%
GBOOY,"Grupo Financiero Banorte, S.A.B. de C.V.",$23.90 ,6.90%,"$13,838 ",11.1,75.80%
GCAP,GAIN Capital Holdings Inc.,$7.29 ,3.30%,$319 ,11,36.80%
GCBC,Greene County Bancorp Inc.,$32.00 ,1.30%,$270 ,,
GCG.A.TO,Guardian Capital Group Limited,$23.10 ,1.70%,$618 ,7,12.00%
GCG.TO,Guardian Capital Group Limited,$23.25 ,2.10%,$625 ,7,15.00%
GECC,Great Elm Capital Corp.,$8.14 ,12.20%,$87 ,4.6,56.00%
GEHDY,GREAT EASTERN HLDG,$41.15 ,0.00%,$,,
GFED,Guaranty Federal Bancshares Inc.,$23.80 ,2.00%,$106 ,11.7,23.60%
GGAL,Grupo Financiero Galicia S.A.,$26.11 ,1.40%,"$3,568 ",9,12.80%
GHL,Greenhill & Co. Inc.,$23.73 ,0.80%,$484 ,27,22.90%
GIVSY,Grupo de Inversiones Suramericana S.A.,$21.00 ,0.90%,"$12,222 ",13.6,11.60%
GJNSY,Gjensidige Forsikring ASA,$15.90 ,11.50%,"$7,835 ",18.9,217.30%
GLAD,Gladstone Capital Corporation,$8.67 ,9.80%,$245 ,10.2,99.50%
GLBZ,Glen Burnie Bancorp,$11.62 ,3.40%,$33 ,,
GLCH,"Gleacher & Company, Inc.",$0.41 ,177.80%,$3 ,0,-5.20%
GLNV,"Glenville Bank Holding Company, Inc.",$93.00 ,1.90%,$,,
GLUSF,Gluskin Sheff + Associates Inc.,$8.28 ,9.20%,$255 ,8.7,80.40%
GMHLY,GAM Holding AG,$1.25 ,11.00%,$963 ,12.1,132.70%
GMICF,Genworth MI Canada Inc.,$33.04 ,4.60%,"$2,950 ",7.9,36.40%
GNBF,"GNB Financial Services, Inc.",$54.25 ,1.80%,$42 ,23.8,43.80%
GOVB,"Gouverneur Bancorp, Inc.",$17.00 ,2.00%,$37 ,39.5,79.10%
GPFOY,"Grupo Financiero Inbursa, S.A.B. de C.V.",$6.31 ,1.80%,"$8,660 ",8.4,15.30%
GROW,U.S. Global Investors Inc.,$1.35 ,2.30%,$20 ,,
GRRB,GrandSouth Bancorporation,$18.50 ,0.00%,$84 ,21.8,0.00%
GS,Goldman Sachs Group Inc. (The),$192.83 ,1.70%,"$71,173 ",7.7,13.00%
GS.TO,Gluskin Sheff + Associates Inc.,$10.74 ,8.90%,$319 ,8.5,75.60%
GSBC,Great Southern Bancorp Inc.,$54.14 ,2.40%,$763 ,12.4,29.30%
GSBD,Goldman Sachs BDC Inc.,$20.90 ,8.70%,$833 ,10.6,92.20%
GSY.TO,goeasy Ltd.,$38.30 ,2.30%,$573 ,13.1,30.10%
GTPS,"Great American Bancorp, Inc.",$32.10 ,1.70%,$14 ,26.3,43.90%
GVFF,Greenville Federal Financial Corporation,$11.40 ,2.40%,$25 ,26.5,64.70%
GVYB,Golden Valley Bank,$16.35 ,1.20%,$34 ,19.7,23.20%
GWB,Great Western Bancorp Inc.,$36.87 ,2.70%,"$2,182 ",13,35.20%
GWLIF,Great-West Lifeco Inc.,$22.75 ,5.10%,"$22,833 ",11.3,57.90%
GWO.PR.L.TO,,$0.00 ,0.00%,$,,
GWO.PR.M.TO,,$0.00 ,0.00%,$,,
GWO.TO,Great-West Lifeco Inc.,$30.38 ,5.10%,"$30,076 ",11.4,57.60%
HAFC,Hanmi Financial Corporation,$21.22 ,4.50%,$676 ,11,49.90%
HAITY,"Haitong Securities Co., Ltd.",$10.50 ,3.20%,"$13,917 ",13.3,42.70%
HARL,Harleysville Financial Corporation,$23.15 ,3.80%,$87 ,12.5,47.90%
HBAN,Huntington Bancshares Incorporated,$14.53 ,3.80%,"$15,466 ",12.4,47.70%
HBCP,Home Bancorp Inc.,$36.86 ,2.20%,$351 ,10.4,22.50%
HBCYF,HSBC Holdings plc,$8.17 ,4.80%,"$163,004 ",15.4,73.50%
HBNC,Horizon Bancorp Inc.,$16.58 ,2.40%,$642 ,13.3,31.70%
HBSI,"Highlands Bankshares, Inc.",$47.10 ,3.80%,$63 ,22.6,86.50%
HCAP,Harvest Capital Credit Corporation,$10.62 ,10.40%,$70 ,10.7,111.10%
HCBC,"High Country Bancorp, Inc.",$43.02 ,4.70%,$40 ,14.9,69.50%
HCBN,HCB Financial Corp.,$31.00 ,1.90%,$32 ,15.6,30.20%
HCFL,Home City Financial Corporation,$37.25 ,2.70%,$32 ,20.7,55.70%
HCG.TO,Home Capital Group Inc.,$17.31 ,0.00%,"$1,397 ",10.9,0.00%
HCI,HCI Group Inc.,$53.33 ,2.80%,$489 ,12,33.90%
HCKG,Hocking Valley Bancshares Inc.,$714.70 ,0.20%,$,,
HDB,HDFC Bank Limited,$96.19 ,0.60%,"$85,882 ",137.4,82.10%
HEXEY,HELLENIC EXCHANGE,$9.69 ,0.00%,$,,
HFBA,HFB Financial Corporation,$32.40 ,2.40%,$39 ,19.9,46.70%
HFBC,HopFed Bancorp Inc.,$14.63 ,1.90%,$97 ,17,32.60%
HFBK,Harford Bank,$29.95 ,2.30%,$42 ,16.1,36.60%
HFBL,Home Federal Bancorp Inc. of Louisiana,$33.07 ,1.70%,$63 ,,
HFWA,Heritage Financial Corporation,$33.98 ,2.00%,"$1,249 ",20.3,40.80%
HIFS,Hingham Institution for Savings,$209.53 ,0.70%,$447 ,,
HIG,Hartford Financial Services Group Inc. (The),$44.43 ,2.70%,"$15,809 ",10.2,27.70%
HIG.TO,Global Healthcare Income & Growth ETF,$8.95 ,0.00%,$,,
HKXCY,Hong Kong Exchanges and Clearing Limited,$28.63 ,3.20%,"$36,254 ",29.8,94.50%
HLAN,Heartland BancCorp,$89.00 ,2.10%,$142 ,14.3,30.50%
HLFN,Home Loan Financial Corporation,$29.23 ,3.70%,$41 ,12,44.20%
HLI,Houlihan Lokey Inc. Class A,$40.45 ,2.70%,"$2,647 ",17.3,46.40%
HMCBF,Home Capital Group Inc.,$13.00 ,0.00%,"$1,058 ",10.9,0.00%
HMLN,Hamlin Bank & Trust Co.,$300.00 ,3.80%,$114 ,,
HMN,Horace Mann Educators Corporation,$39.33 ,2.90%,"$1,599 ",25.5,74.50%
HNNA,Hennessy Advisors Inc.,$11.99 ,3.30%,$94 ,,
HOMB,Home BancShares Inc.,$19.31 ,2.50%,"$3,329 ",11.6,28.80%
HONT,"Honat Bancorp, Inc.",$106.00 ,1.70%,$,,
HOPE,Hope Bancorp Inc.,$14.62 ,3.90%,"$1,862 ",10.3,39.90%
HRGLF,Hargreaves Lansdown plc,$23.19 ,1.80%,"$10,840 ",35.3,62.90%
HRGLY,Hargreaves Lansdown plc,$46.59 ,2.20%,"$10,944 ",35.6,78.60%
HRTG,Heritage Insurance Holdings Inc.,$15.92 ,1.50%,$423 ,7.6,11.40%
HRZN,Horizon Technology Finance Corporation,$11.10 ,11.00%,$126 ,10.3,113.00%
HSBC,HSBC Holdings plc.,$42.16 ,4.90%,"$163,608 ",15.3,74.70%
HSBK,"Highlands Bancorp, Inc.",$16.03 ,0.50%,$45 ,16.7,8.20%
HSNGF,Hang Seng Bank Limited,$22.93 ,3.10%,"$44,117 ",15.3,46.80%
HSNGY,Hang Seng Bank Limited,$22.12 ,2.90%,"$42,783 ",14.7,43.10%
HTBK,Heritage Commerce Corp,$14.30 ,3.10%,$615 ,15.2,47.10%
HTGC,Hercules Capital Inc.,$12.18 ,10.20%,"$1,172 ",10.2,103.80%
HTH,Hilltop Holdings Inc.,$19.14 ,1.50%,"$1,805 ",13.5,19.80%
HTLF,Heartland Financial USA Inc.,$52.79 ,1.10%,"$1,834 ",15.6,16.40%
HTNGF,"Haitong Securities Co., Ltd.",$1.50 ,0.00%,$,,
HTO.UN.TO,Global Water Solutions Fund,$8.76 ,4.10%,$,,
HVRRF,Hannover RÅck SE,$135.60 ,0.00%,$,,
HVRRY,Hannover RÅck SE,$69.05 ,3.10%,"$16,713 ",12.6,38.60%
HWBK,Hawthorn Bancshares Inc.,$22.50 ,1.80%,$135 ,,
HWC,Hancock Whitney Corporation,$38.87 ,2.80%,"$3,310 ",10.4,29.00%
HWEN,Home Financial Bancorp,$8.00 ,2.40%,$9 ,100,244.00%
HYKUF,"The Hyakugo Bank, Ltd.",$3.96 ,0.00%,$,,
IAG.TO,IAG.TO - Industrial Alliance Insurance and Financial Services Inc.,$47.97 ,3.40%,"$5,306 ",8.8,30.00%
IAM.TO,Integrated Asset Management Corp.,$1.87 ,6.40%,$52 ,23.4,149.10%
IAUGF,Insurance Australia Group Limited,$4.98 ,5.40%,"$12,091 ",17.2,92.90%
IAUGY,Insurance Australia Group Limited,$24.04 ,6.00%,"$11,524 ",17,102.30%
IBCP,Independent Bank Corporation,$22.53 ,2.70%,$546 ,13.6,36.00%
IBKC,IBERIABANK Corporation,$72.10 ,2.30%,"$4,013 ",11.7,26.60%
IBKR,"Interactive Brokers Group, Inc.",$52.26 ,0.70%,"$21,182 ",24.3,17.40%
IBN,ICICI Bank Limited,$9.99 ,0.40%,"$31,646 ",25,10.60%
IBOC,International Bancshares Corporation,$38.56 ,2.20%,"$2,534 ",,
IBTX,Independent Bank Group Inc,$56.02 ,1.00%,"$1,723 ",13.2,13.10%
IBWC,IBW Financial Corporation,$30.00 ,0.70%,$18 ,21.3,14.30%
ICBK,County Bancorp Inc.,$20.65 ,1.40%,$138 ,10.7,14.50%
ICE,Intercontinental Exchange Inc.,$79.70 ,1.20%,"$45,521 ",23.6,28.30%
ICGUF,INTERMED CAP GRP,$13.30 ,0.00%,$,,
IDCBY,Industrial and Commercial Bank of China Limited,$13.54 ,5.40%,"$241,098 ",5.4,29.10%
IDLLF,Industrial Alliance Insurance and Financial Services Inc.,$36.65 ,3.40%,"$4,008 ",8.9,30.60%
IFB.UN.TO,IFB-UN.TO - Investment Grade Infrastructure Bond Fund,$7.92 ,6.10%,$,,
IFBH,"IFB Holdings, Inc.",$50.51 ,0.00%,$,,
IFC.TO,Intact Financial Corporation,$102.53 ,2.70%,"$14,293 ",21.8,57.90%
IFCZF,Intact Financial Corporation,$76.91 ,2.70%,"$10,736 ",21.7,58.20%
IGGHY,IG Group Holdings plc,$7.75 ,7.30%,"$2,800 ",9.6,69.40%
IGIFF,IGM Financial Inc.,$25.57 ,6.70%,"$6,074 ",12.8,86.20%
IGM.PR.B.TO,,$0.00 ,0.00%,$,,
IGM.TO,IGM Financial Inc.,$32.89 ,6.60%,"$7,955 ",12.4,81.70%
IHC,Independence Holding Company,$37.53 ,0.80%,$555 ,,
IITOF,Intesa Sanpaolo S.p.A.,$4.00 ,0.00%,$,,
IITSF,Intesa Sanpaolo S.p.A.,$2.17 ,10.80%,"$37,487 ",7.2,78.00%
INBK,First Internet Bancorp,$24.81 ,1.00%,$256 ,9.5,9.00%
INDB,Independent Bank Corp.,$78.27 ,1.90%,"$2,164 ",18.2,35.20%
ING,ING Group N.V.,$12.25 ,4.50%,"$46,817 ",9,40.80%
INGVF,ING Groep N.V.,$12.19 ,6.50%,"$47,923 ",9.2,59.80%
IOFB,Iowa First Bancshares Corp.,$41.00 ,2.80%,$46 ,18.6,51.20%
IOOFF,IOOF HOLDINGS LTD,$8.20 ,0.00%,$,,
IROQ,IF Bancorp Inc.,$21.50 ,1.20%,$83 ,,
ISBA,Isabella Bank Corporation,$25.00 ,4.00%,$196 ,15.2,61.60%
ISBC,Investors Bancorp Inc.,$12.14 ,3.60%,"$3,540 ",16,57.90%
ISNPY,Intesa Sanpaolo S.p.A.,$12.75 ,10.80%,"$38,302 ",7,75.90%
ISTR,Investar Holding Corporation,$24.46 ,0.70%,$237 ,15.8,11.50%
ITCB,Itau CorpBanca American Depositary Shares (each representing 1500 shares of no par value),$13.96 ,0.80%,"$4,615 ",,
ITCFY,Investec Limited,$11.60 ,5.00%,"$5,771 ",8.5,42.00%
ITG,Investment Technology Group Inc.,$30.05 ,0.90%,$991 ,36.2,33.80%
ITIC,Investors Title Company,$194.90 ,0.80%,$366 ,,
ITUB,Itau Unibanco Banco Holding SA American Depositary Shares (Each repstg 500 Preferred shares),$13.65 ,0.60%,"$87,576 ",12.5,7.90%
IVSBF,Investor AB,$41.00 ,0.00%,"$31,673 ",6.7,0.00%
IVSBY,Investor AB,$20.00 ,2.20%,"$32,564 ",6.5,14.30%
IVSXF,Investor AB,$42.67 ,0.00%,"$31,348 ",6.9,0.00%
IVTJF,Investec plc,$6.35 ,5.00%,"$6,092 ",9.3,46.40%
IVZ,Invesco Ltd,$20.14 ,6.00%,"$8,177 ",7.4,44.70%
JBAXY,Julius Baer Group Ltd.,$8.06 ,3.30%,"$8,913 ",10.9,36.50%
JDVB,"Jeff Davis Bancshares, Inc.",$57.00 ,3.90%,$89 ,14.3,55.00%
JFBC,Jeffersonville Bancorp,$19.20 ,3.00%,$81 ,16.6,50.30%
JFWV,Jefferson Security Bank,$78.25 ,2.00%,$22 ,15.4,30.30%
JMP,JMP Group LLC,$4.86 ,7.30%,$106 ,14.7,107.80%
JNES,Jonestown Bank & Trust Co.,$27.00 ,2.90%,$64 ,12.5,36.30%
JPHLF,"Japan Post Holdings Co., Ltd.",$12.51 ,0.00%,"$54,177 ",,
JPM,JP Morgan Chase & Co.,$108.58 ,3.00%,"$360,641 ",12.4,36.60%
JPSTF,"JAPAN POST BANK Co.,Ltd.",$11.85 ,3.90%,"$44,807 ",14.8,57.50%
JRVR,James River Group Holdings Ltd.,$36.30 ,3.30%,"$1,095 ",19.1,62.70%
JSEJF,JSE Limited,$10.50 ,4.90%,"$1,020 ",12.5,61.40%
JTNB,"JTNB Bancorp, Inc.",$16.25 ,2.80%,$,,
JUVF,Juniata Valley Financial Corp.,$20.30 ,4.30%,$103 ,20.5,88.40%
JYSKY,JYSKE BANK A/S,$11.97 ,0.00%,$,,
KBCSF,KBC Group NV,$70.50 ,6.10%,"$29,438 ",11.1,68.00%
KBCSY,KBC Group NV,$34.38 ,3.30%,"$29,195 ",10.8,35.90%
KCAP,KCAP Financial Inc.,$3.07 ,13.10%,$114 ,10.6,138.80%
KCLI,Kansas City Life Insurance Company,$37.50 ,2.80%,$363 ,7.8,22.30%
KEFI,Keweenaw Financial Corporation,$162.07 ,2.30%,$68 ,14,31.80%
KEY,KeyCorp,$17.93 ,3.80%,"$18,446 ",11,41.90%
KFFB,Kentucky First Federal Bancorp,$7.90 ,5.10%,$67 ,,
KGTFF,Krung Thai Bank Public Company Limited,$0.61 ,0.00%,"$8,469 ",,
KINS,Kingstone Companies Inc,$16.60 ,2.50%,$174 ,29.6,73.20%
KISB,"Kish Bancorp, Inc.",$33.25 ,1.50%,$85 ,17,25.40%
KKR,KKR & Co. Inc. Class A,$21.63 ,2.40%,"$17,428 ",10.9,26.00%
KLIB,"Killbuck Bancshares, Inc.",$171.38 ,2.60%,$105 ,22.6,59.40%
KMERF,"Komercn° banka, a.s.",$38.80 ,5.50%,"$7,550 ",11.1,61.10%
KMF,Kayne Anderson Midstream Energy Fund Inc,$10.77 ,11.20%,$522 ,,
KMPR,Kemper Corporation,$73.56 ,0.00%,"$4,758 ",19.2,0.00%
KNSL,Kinsale Capital Group Inc.,$61.39 ,0.50%,"$1,291 ",36.3,16.70%
KPCPF,Kasikornbank Public Company Limited,$6.02 ,3.50%,"$14,394 ",12.8,44.40%
KPCPY,Kasikornbank Public Company Limited,$23.14 ,0.50%,"$13,758 ",49.2,25.10%
KPCUF,Kasikornbank Public Company Limited,$6.61 ,1.90%,"$14,394 ",14.1,26.70%
KRNY,Kearny Financial,$12.97 ,1.50%,"$1,291 ",,
KSBI,"KS Bancorp, Inc.",$28.99 ,0.90%,$32 ,13.6,11.70%
KTHN,Katahdin Bankshares Corp.,$18.25 ,2.40%,$62 ,11.3,26.60%
KTYB,"Kentucky Bancshares, Inc.",$50.60 ,2.50%,$150 ,12.5,30.70%
L,Loews Corporation,$47.80 ,0.50%,"$14,902 ",14.2,7.50%
LARK,Landmark Bancorp Inc.,$26.30 ,3.00%,$109 ,,
LAZ,Lazard LTD. LTD. Class A,$38.80 ,4.60%,"$4,502 ",8.9,41.30%
LB.TO,Laurentian Bank of Canada,$42.04 ,6.10%,"$1,779 ",7.8,47.30%
LBAI,Lakeland Bancorp Inc.,$16.10 ,2.90%,$765 ,12.5,35.60%
LBCP,"Liberty Bancorp, Inc.",$25.80 ,1.00%,$64 ,15.9,16.10%
LCNB,LCNB Corporation,$15.90 ,4.30%,$210 ,12,51.80%
LCS.TO,Brompton Lifeco Split Corp.,$3.71 ,0.00%,$28 ,,
LCSHF,Lancashire Holdings Limited,$7.89 ,2.00%,"$1,658 ",34.3,68.60%
LDKB,"Landmark Bancorp, Inc.",$16.00 ,2.00%,$31 ,48.5,96.50%
LFC,China Life Insurance Company Limited American Depositary Shares,$10.62 ,3.00%,"$58,791 ",35.4,106.10%
LFE.TO,Canadian Life Companies Split Corp.,$2.85 ,0.00%,$46 ,,
LFGP,"Ledyard Financial Group, Inc.",$23.50 ,3.00%,$76 ,16.3,49.00%
LGGNF,Legal & General Group Plc,$3.19 ,6.60%,"$18,581 ",8.4,54.80%
LGGNY,Legal & General Group Plc,$15.49 ,6.60%,"$18,427 ",8.2,54.10%
LGHT,Lighthouse Bank,$23.70 ,1.70%,$61 ,16,26.60%
LINS,Life Insurance Company Of Alabama,$128.50 ,1.60%,$23 ,26.1,40.70%
LION,Fidelity Southern Corporation,$22.36 ,2.10%,$621 ,14.7,31.00%
LKFN,Lakeland Financial Corporation,$44.98 ,2.30%,"$1,138 ",15.5,35.90%
LLDTF,Lloyds Banking Group plc,$0.72 ,5.70%,"$46,072 ",9.6,55.00%
LM,Legg Mason Inc.,$28.38 ,4.90%,"$2,384 ",8.4,41.00%
LNC,Lincoln National Corporation,$61.52 ,2.40%,"$13,023 ",7.4,18.00%
LNSTY,London Stock Exchange Group plc,$12.65 ,1.40%,"$17,632 ",22.6,30.70%
LOAN,Manhattan Bridge Capital Inc,$5.90 ,8.10%,$57 ,,
LOB,Live Oak Bancshares Inc.,$18.61 ,0.70%,$740 ,12.7,8.20%
LOGN,Logansport Financial Corp.,$42.55 ,3.30%,$26 ,12.2,40.00%
LPBC,Lincoln Park Bancorp.,$11.85 ,0.70%,$21 ,592.5,397.00%
LPLA,LPL Financial Holdings Inc.,$60.96 ,1.70%,"$5,172 ",13.5,22.60%
LRCDF,Laurentian Bank of Canada,$31.55 ,6.00%,"$1,334 ",7.8,47.10%
LSBK,Lake Shore Bancorp Inc.,$15.40 ,2.60%,$93 ,,
LTXB,LegacyTexas Financial Group Inc.,$38.68 ,2.30%,"$1,857 ",14.8,34.10%
LWCL,Lewis & Clark Bank,$36.75 ,0.80%,$,,
LYBC,Lyons Bancorp Inc.,$42.99 ,2.80%,$136 ,17.8,49.60%
LYG,Lloyds Banking Group Plc American Depositary Shares,$2.85 ,4.00%,"$49,803 ",6.6,26.20%
M.V,Mosaic Capital Corporation,$4.31 ,9.90%,$45 ,107.8,1067.80%
MA,Mastercard Incorporated,$187.67 ,0.50%,"$207,428 ",30.9,16.50%
MAAL,"The Marketing Alliance, Inc.",$3.00 ,7.60%,$24 ,20,152.40%
MAIN,Main Street Capital Corporation,$37.80 ,6.20%,"$2,299 ",14.8,91.60%
MAMTF,MCAN Mortgage Corporation,$10.49 ,9.40%,$254 ,7.5,71.10%
MBCN,Middlefield Banc Corp.,$44.68 ,2.50%,$144 ,13,32.70%
MBFI,MB Financial Inc.,$44.41 ,2.20%,"$3,731 ",18.1,39.30%
MBFJF,"Mitsubishi UFJ Financial Group, Inc.",$5.50 ,3.20%,"$73,212 ",6.4,20.30%
MBK.UN.TO,Manulife U.S. Regional Bank Trust,$11.77 ,3.70%,$,,
MBKL,"MBT Bancshares, Inc.",$21.20 ,4.70%,$43 ,17.7,83.40%
MBTF,M B T Financial Corp,$11.06 ,3.60%,$254 ,,
MBWM,Mercantile Bank Corporation,$30.92 ,3.20%,$520 ,13.3,42.60%
MC,Moelis & Company Class A,$39.69 ,4.80%,"$1,789 ",15.4,74.20%
MCBC,Macatawa Bank Corporation,$10.02 ,2.80%,$340 ,,
MCBG,Mercersburg Financial Corporation,$37.10 ,1.50%,$,,
MCBK,"Madison County Financial, Inc.",$26.50 ,1.10%,$70 ,16.9,19.10%
MCC,Medley Capital Corporation,$3.55 ,11.30%,$193 ,9.3,105.30%
MCHT,Mauch Chunk Trust Financial Corp.,$15.50 ,2.80%,$48 ,16.7,47.30%
MCO,Moody's Corporation,$148.48 ,1.20%,"$27,945 ",20.5,24.70%
MCPH,Midland Capital Holdings Corp.,$28.50 ,0.60%,$11 ,20.5,11.50%
MCQEF,Macquarie Group Limited,$86.64 ,3.60%,"$28,156 ",15.3,54.40%
MCY,Mercury General Corporation,$56.98 ,4.40%,"$3,160 ",25.8,113.30%
MDIBY,Mediobanca Banca di Credito Finanziario S.p.A.,$8.12 ,6.20%,"$7,452 ",7.4,46.20%
MDLY,Medley Management Inc. Class A,$5.50 ,14.50%,$167 ,,
MDVT,Middlebury National Corporation,$35.65 ,2.70%,$32 ,14.8,39.50%
MET,MetLife Inc.,$43.48 ,3.90%,"$42,276 ",8.4,33.10%
MFC,Manulife Financial Corporation,$16.34 ,4.80%,"$31,716 ",7.9,37.50%
MFC.TO,Manulife Financial Corporation,$22.13 ,4.50%,"$43,664 ",18.1,81.30%
MFGI,"Merchants Financial Group, Inc.",$73.75 ,1.90%,$201 ,9.4,17.90%
MFIN,Medallion Financial Corp.,$5.76 ,0.00%,$138 ,-5.5,0.00%
MFNC,Mackinac Financial Corporation,$15.89 ,3.00%,$170 ,,
MFSF,MutualFirst Financial Inc.,$35.06 ,2.30%,$301 ,15.4,35.20%
MHLD,Maiden Holdings Ltd.,$2.55 ,7.80%,$212 ,-0.6,-4.50%
MIC.TO,Genworth MI Canada Inc.,$43.53 ,4.60%,"$3,898 ",7.8,36.00%
MKP.TO,MCAN Mortgage Corporation,$13.91 ,9.20%,$332 ,7.5,68.90%
MKTX,MarketAxess Holdings Inc.,$217.40 ,0.80%,"$8,159 ",51.2,39.60%
MKZ.UN.TO,Mackenzie Master Limited Partnership,$1.02 ,14.00%,$6 ,7.3,102.00%
MLGF,Malaga Financial Corporation,$28.45 ,3.50%,$179 ,13.2,46.60%
MLYBY,Malayan Banking Berhad,$3.85 ,5.20%,"$20,930 ",10.4,54.20%
MLYNF,MALAYAN BKG BERHAD,$2.14 ,0.00%,$,,
MMC,Marsh & McLennan Companies Inc.,$86.09 ,1.90%,"$43,470 ",20,38.40%
MN,Manning & Napier Inc. Class A,$1.70 ,4.70%,$26 ,7.7,36.20%
MNAT,Marquette National Corporation,$33.75 ,3.00%,$,,
MNBC,MNB Corporation,$32.53 ,2.50%,$,,
MNBP,"Mars Bancorp, Inc.",$381.00 ,3.00%,$30 ,24.1,71.40%
MNGPY,Man Group plc,$1.72 ,6.90%,"$2,656 ",10.8,74.50%
MNMB,"Merchants & Marine Bancorp, Inc.",$39.00 ,3.10%,$52 ,12.7,39.00%
MNXBY,"Monex Group, Inc.",$16.34 ,2.80%,"$1,042 ",19,53.40%
MOFG,MidWestOne Financial Group Inc.,$28.55 ,2.70%,$350 ,14.7,40.10%
MPB,Mid Penn Bancorp,$26.38 ,2.30%,$222 ,,
MPFRF,"Mapfre, S.A.",$3.01 ,4.50%,"$8,852 ",10,44.70%
MPFRY,"Mapfre, S.A.",$5.42 ,6.30%,"$8,852 ",9,57.00%
MPOHY,MMI Holdings Limited,$6.46 ,0.00%,"$2,305 ",20.2,0.00%
MQBKY,Macquarie Group Limited,$82.00 ,4.80%,"$26,367 ",,
MRCC,Monroe Capital Corporation,$11.05 ,12.80%,$224 ,7.2,91.60%
MRLN,Marlin Business Services Corp.,$25.64 ,2.20%,$319 ,12.8,27.90%
MS,Morgan Stanley,$43.69 ,2.80%,"$74,139 ",9.2,25.60%
MSADF,"MS&AD Insurance Group Holdings, Inc.",$30.69 ,3.90%,$,13.7,52.90%
MSB,Mesabi Trust,$27.02 ,14.10%,$350 ,,
MSBI,Midland States Bancorp Inc.,$25.43 ,3.50%,$603 ,11.7,40.50%
MSCI,MSCI Inc,$145.72 ,1.60%,"$12,708 ",28.5,45.80%
MSL,MidSouth Bancorp,$12.87 ,0.30%,$214 ,91.9,28.60%
MTB,M&T Bank Corporation,$168.57 ,2.40%,"$23,618 ",13.5,32.20%
MTPOY,Metropolitan Bank & Trust Company,$31.25 ,0.00%,$,,
MTR,Mesa Royalty Trust,$13.30 ,9.00%,$25 ,,
MTVB,MOUNTAIN-VALLEY BA,$40.50 ,0.00%,$,,
MUFG,Mitsubishi UFJ Financial Group Inc.,$5.60 ,3.30%,"$72,812 ",8.1,26.40%
MURGF,MÅnchener RÅckversicherungs-Gesellschaft Aktiengesellschaft,$216.54 ,4.80%,"$32,181 ",10.8,51.40%
MURGY,MÅnchener RÅckversicherungs-Gesellschaft Aktiengesellschaft,$21.56 ,4.80%,"$32,226 ",10.7,51.00%
MVBF,MVB Financial Corp.,$18.00 ,0.70%,$204 ,,
MVC,MVC Capital Inc.,$8.98 ,6.70%,$169 ,299.3,2004.50%
MVLY,Mission Valley Bancorp,$15.60 ,0.60%,$50 ,20.3,13.00%
MYBF,"Muncy Bank Financial, Inc.",$33.61 ,3.90%,$49 ,14.1,54.80%
MZHOF,"Mizuho Financial Group, Inc.",$1.62 ,3.90%,"$42,597 ",7.4,28.60%
NA.TO,National Bank of Canada,$59.60 ,4.10%,"$20,163 ",10.3,42.20%
NABZY,National Australia Bank Limited,$8.48 ,8.20%,"$47,675 ",11.8,96.30%
NACB,The National Capital Bank of Washington,$214.00 ,0.90%,$62 ,39.8,37.00%
NASB,"NASB Financial, Inc.",$39.50 ,5.00%,$293 ,10.4,52.20%
NAUBF,NAUBF - National Australia Bank Limited,$17.24 ,7.90%,"$47,401 ",12.1,95.60%
NAVG,The Navigators Group Inc.,$69.33 ,0.40%,"$2,062 ",23.4,9.50%
NAVI,Navient Corporation,$11.19 ,6.00%,"$2,768 ",6,36.10%
NBHC,National Bank Holdings Corporation,$35.91 ,1.90%,"$1,108 ",18.1,34.20%
NBN,Northeast Bancorp,$18.03 ,0.20%,$162 ,,
NBTB,NBT Bancorp Inc.,$37.74 ,2.70%,"$1,651 ",15.7,43.10%
NCD.UN.TO,First Asset North American Convertibles Fund,$6.86 ,7.00%,$,,
NDAQ,Nasdaq Inc.,$87.45 ,2.00%,"$14,335 ",18.9,38.10%
NDBKF,NEDBANK GROUP LTD,$23.44 ,0.00%,$,,
NDBKY,Nedbank Group Limited,$18.01 ,4.80%,"$8,749 ",9.2,44.00%
NECB,"Northeast Community Bancorp, Inc.",$12.20 ,1.00%,$145 ,18.2,17.80%
NEWT,Newtek Business Services Corp.,$20.20 ,9.90%,$381 ,15.4,153.00%
NFBK,Northfield Bancorp Inc.,$13.52 ,3.00%,$670 ,16.7,49.30%
NGHC,National General Holdings Corp,$25.47 ,0.60%,"$2,709 ",12.2,7.70%
NHOLF,"Sompo Holdings, Inc.",$42.95 ,2.30%,"$15,059 ",10.8,25.20%
NIDB,"Northeast Indiana Bancorp, Inc.",$37.64 ,2.70%,$45 ,12.2,32.50%
NIF.UN.TO,Noranda Income Fund,$1.26 ,0.00%,$62 ,12.6,0.00%
NKSH,National Bankshares Inc.,$43.80 ,2.90%,$305 ,,
NMFC,New Mountain Finance Corporation,$13.28 ,10.30%,"$1,008 ",9.8,101.00%
NMR,Nomura Holdings Inc ADR American Depositary Shares,$4.52 ,4.50%,"$14,919 ",7.1,31.80%
NNI,Nelnet Inc.,$51.57 ,1.40%,"$2,125 ",,
NODB,North Dallas Bank & Trust Co.,$89.00 ,0.80%,$229 ,36,29.20%
NPF.UN.TO,North American Preferred Share Fund,$20.72 ,5.90%,$,,
NRBAY,Nordea Bank AB,$11.07 ,7.70%,"$42,916 ",11.4,87.50%
NRDEF,Nordea Bank AB,$10.25 ,7.70%,"$39,917 ",10.6,81.00%
NRIM,Northrim BanCorp Inc,$36.71 ,3.00%,$251 ,14,41.20%
NRSCF,"Nomura Holdings, Inc.",$4.73 ,2.70%,"$15,179 ",16.9,45.60%
NSEC,National Security Group Inc.,$12.50 ,1.60%,$32 ,,
NTB,Bank of N.T. Butterfield & Son Limited (The) Voting,$38.29 ,4.00%,"$2,097 ",11.3,45.30%
NTBP,"New Tripoli Bancorp, Inc.",$955.00 ,4.00%,$,,
NTIOF,National Bank of Canada,$44.59 ,4.10%,"$15,172 ",10.2,42.30%
NTRS,Northern Trust Corporation,$96.53 ,2.30%,"$21,159 ",15.4,35.50%
NTRSP,Northern Trust Corporation Depository Shares,$25.14 ,5.80%,$402 ,,
NUBC,Northumberland Bancorp,$34.80 ,2.10%,$,,
NUBK,Kinderhook Bank Corp.,$35.65 ,2.80%,$42 ,16.3,45.30%
NWBI,Northwest Bancshares Inc.,$17.48 ,3.90%,"$1,797 ",17.8,69.70%
NWFL,Norwood Financial Corp.,$35.72 ,2.50%,$224 ,,
NWIN,NorthWest Indiana Bancorp,$45.60 ,2.60%,$138 ,15.5,40.70%
NWLI,National Western Life Group Inc.,$292.92 ,0.10%,"$1,065 ",,
NWYF,"Northway Financial, Inc.",$31.35 ,2.20%,$86 ,13,29.00%
NYCB,New York Community Bancorp Inc.,$9.57 ,7.10%,"$4,717 ",12.4,87.90%
NZSTF,NZX Limited,$0.68 ,11.20%,$194 ,17,191.10%
OAK,Oaktree Capital Group LLC Class A Units Representing Limited Liability Company Interests,$39.61 ,7.10%,"$6,172 ",13.5,96.00%
OCBI,"Orange County Bancorp, Inc.",$25.50 ,3.00%,$,42.5,129.20%
OCFC,OceanFirst Financial Corp.,$24.82 ,2.70%,"$1,205 ",13.1,35.80%
OCNB,OCONOMOWOC BANCSHA,$300.00 ,0.00%,$,,
OCSI,Oaktree Strategic Income Corporation,$8.21 ,7.50%,$243 ,12.3,92.00%
OCSL,Oaktree Specialty Lending Corporation,$4.43 ,8.60%,$623 ,11.7,100.20%
OFED,Oconee Federal Financial Corp.,$23.06 ,1.70%,$133 ,,
OFG,OFG Bancorp,$17.50 ,1.40%,$883 ,12.2,17.10%
OFS,OFS Capital Corporation,$11.32 ,12.20%,$148 ,8.9,109.10%
OHAI,OHA Investment Corporation,$1.30 ,6.20%,$26 ,,
OLBK,Old Line Bancshares Inc.,$29.06 ,1.40%,$499 ,14.5,19.70%
OLY.TO,Olympia Financial Group Inc.,$44.58 ,5.10%,$107 ,12.2,62.70%
ONB,Old National Bancorp,$18.25 ,2.90%,"$3,194 ",15.3,43.70%
OPOF,Old Point Financial Corporation,$26.23 ,1.60%,$141 ,,
OPY,Oppenheimer Holdings Inc. Class A (DE),$28.40 ,1.60%,$375 ,,
ORBN,"Oregon Bancorp, Inc.",$21.19 ,1.70%,$46 ,7.1,12.40%
ORI,Old Republic International Corporation,$21.56 ,3.60%,"$6,528 ",12.3,44.30%
ORIT,Oritani Financial Corp.,$15.34 ,6.50%,$695 ,13.6,88.80%
ORRF,Orrstown Financial Services Inc,$20.98 ,2.50%,$176 ,12.1,30.20%
ORXCF,ORIX Corporation,$16.92 ,5.00%,"$20,409 ",7.9,39.50%
OSBC,Old Second Bancorp Inc.,$14.36 ,0.30%,$425 ,23.5,6.60%
OSCUF,"Japan Exchange Group, Inc.",$19.09 ,3.50%,"$10,730 ",21.7,75.90%
OSP.TO,Brompton Oil Split Corp.,$2.20 ,20.00%,$,,
OTCM,OTC Markets Group Inc.,$29.90 ,1.90%,$358 ,23.7,45.10%
OTTW,Ottawa Bancorp Inc.,$13.35 ,1.50%,$45 ,,
OVBC,Ohio Valley Banc Corp.,$36.00 ,2.30%,$170 ,,
OVCHF,Oversea-Chinese Banking Corporation Limited,$8.23 ,0.00%,"$34,539 ",10,0.00%
OVCHY,Oversea-Chinese Banking Corporation Limited,$15.45 ,3.50%,"$32,777 ",9.5,33.20%
OVLY,Oak Valley Bancorp (CA),$17.05 ,1.50%,$140 ,,
OXBR,Oxbridge Re Holdings Limited,$1.10 ,0.00%,$6 ,,
OXSQ,Oxford Square Capital Corp.,$6.62 ,12.20%,$317 ,9.7,119.00%
OZK,Bank OZK,$27.06 ,3.20%,"$3,424 ",8.7,27.50%
OZM,Och-Ziff Capital Management Group LLC Class A Shares representing Class A limited liability company interests,$1.04 ,7.80%,$502 ,3,23.30%
PACW,PacWest Bancorp,$39.32 ,6.20%,"$4,725 ",11.4,70.30%
PB,Prosperity Bancshares Inc.,$67.75 ,2.40%,"$4,740 ",15.4,37.10%
PBBI,PB Bancorp Inc.,$11.02 ,2.50%,$84 ,,
PBCRF,PT Bank Central Asia Tbk,$1.65 ,1.00%,"$44,461 ",23.6,23.10%
PBCRY,PT Bank Central Asia Tbk,$44.06 ,1.40%,"$43,499 ",24.9,35.60%
PBCT,People's United Financial Inc.,$15.80 ,4.40%,"$6,008 ",12.5,55.10%
PBHC,Pathfinder Bancorp Inc.,$15.05 ,1.60%,$66 ,,
PBIP,Prudential Bancorp Inc.,$17.50 ,1.20%,$155 ,,
PBSK,Poage Bankshares Inc.,$25.39 ,0.90%,$89 ,,
PBVA,"Peoples Bankshares, Inc.",$40.00 ,1.40%,$16 ,12.3,17.20%
PCB,Pacific City Financial Corporation,$16.40 ,0.70%,$256 ,,
PCD.UN.TO,Pathfinder Income Fund,$7.63 ,7.50%,$,,
PEBK,Peoples Bancorp of North Carolina Inc.,$27.89 ,1.90%,$165 ,,
PEBO,Peoples Bancorp Inc.,$34.25 ,3.50%,$667 ,14,49.40%
PFBC,Preferred Bank,$50.52 ,2.00%,$772 ,11.5,22.80%
PFBI,Premier Financial Bancorp Inc.,$18.19 ,3.30%,"$2,070 ",,
PFBX,Peoples Financial Corp Miss - Ordinary Shares,$13.00 ,0.20%,$67 ,-185.7,-28.60%
PFG,Principal Financial Group Inc,$48.57 ,4.50%,"$13,586 ",8.7,39.00%
PFIS,Peoples Financial Services Corp.,$42.30 ,3.10%,$313 ,,
PFLC,Pacific Financial Corporation,$11.25 ,2.20%,$119 ,12.8,27.70%
PFLT,PennantPark Floating Rate Capital Ltd.,$12.89 ,7.20%,$501 ,11.5,83.40%
PFOH,Perpetual Federal Savings Bank,$30.25 ,3.00%,$75 ,12.4,37.10%
PFS,Provident Financial Services Inc,$24.66 ,3.40%,"$1,659 ",15.1,51.40%
PFT.UN.TO,Canadian Preferred Share Trust,$8.99 ,4.00%,$,,
PGC,Peapack-Gladstone Financial Corporation,$27.25 ,0.70%,$517 ,,
PGPHF,Partners Group Holding AG,$655.00 ,0.00%,"$17,679 ",22.1,0.00%
PGR,Progressive Corporation (The),$64.26 ,1.70%,"$37,543 ",13.5,23.50%
PHXXF,Phoenix Group Holdings,$8.86 ,0.00%,$,,
PINXF,PEOPLE'S INSURANCE,$0.58 ,0.00%,$,,
PJT,PJT Partners Inc. Class A,$47.49 ,0.40%,"$1,047 ",22.7,9.70%
PKBK,Parke Bancorp Inc.,$19.45 ,2.90%,$190 ,,
PLBC,Plumas Bancorp,$25.26 ,1.40%,$129 ,,
PMHG,Prime Meridian Holding Company,$19.50 ,0.50%,$61 ,17.6,9.00%
PNBI,"Pioneer Bankshares, Inc.",$31.30 ,2.70%,$31 ,13.3,35.70%
PNBK,Patriot National Bancorp Inc.,$18.16 ,0.20%,$74 ,,
PNC,PNC Financial Services Group Inc. (The),$133.04 ,2.90%,"$61,406 ",13,37.00%
PNFP,Pinnacle Financial Partners Inc.,$54.61 ,1.20%,"$4,198 ",12.2,14.50%
PNGAY,Ping An Insurance,$18.89 ,1.80%,"$179,212 ",10.9,19.80%
PNNT,PennantPark Investment Corporation,$7.23 ,9.90%,$501 ,9.9,98.30%
POFNF,Power Financial Corporation,$20.97 ,6.10%,"$14,989 ",10,61.30%
PONT,"Pontiac Bancorp, Inc.",$400.00 ,1.10%,$,,
POW.TO,Power Corporation of Canada,$26.65 ,5.70%,"$12,587 ",9.8,55.80%
PPAL,Peoples Trust Company,$55.25 ,1.30%,$33 ,22.6,30.30%
PPBN,Pinnacle Bankshares Corporation,$27.88 ,1.90%,$43 ,13.7,25.40%
PPCCF,PICC Property and Casualty Company Limited,$0.99 ,3.50%,"$23,193 ",7.1,25.00%
PPERF,PT Bank Mandiri,$0.47 ,3.10%,"$22,309 ",11.8,36.40%
PPERY,PT Bank Mandiri,$9.82 ,2.90%,"$23,463 ",14,40.00%
PPLL,Peoples Ltd.,$63.78 ,3.10%,$39 ,12.8,40.10%
PPSF,Peoples-Sidney Financial Corporation,$11.32 ,2.80%,$14 ,25.7,72.80%
PRA,ProAssurance Corporation,$43.10 ,2.90%,"$2,316 ",23.3,66.90%
PRF.UN.TO,PineBridge Investment Grade Preferred Securities Fund,$23.36 ,6.30%,$,,
PRI,Primerica Inc.,$113.47 ,0.90%,"$4,833 ",16.4,14.50%
PRK,Park National Corporation,$91.88 ,4.20%,"$1,433 ",13.3,56.10%
PROV,Provident Financial Holdings Inc.,$17.45 ,3.20%,$130 ,24.2,77.60%
PRU,Prudential Financial Inc.,$91.47 ,4.00%,"$37,116 ",7.7,30.70%
PSBP,PSB Holding Corp.,$57.99 ,0.90%,$33 ,16.3,14.00%
PSBQ,"PSB Holdings, Inc.",$24.70 ,1.30%,$111 ,12.8,16.40%
PSEC,Prospect Capital Corporation,$6.81 ,10.60%,"$2,474 ",9,95.30%
PTBRY,PT Bank Negara Indonesia,$13.67 ,3.40%,"$254,928 ",227.8,765.50%
PTBS,"Potomac Bancshares, Inc.",$14.45 ,1.90%,$60 ,15.5,30.00%
PTVCA,Protective Insurance Corporation Class A (voting) Common Stock,$19.80 ,5.70%,$297 ,,
PTVCB,Protective Insurance Corporation Class B (nonvoting) Common Stock,$22.68 ,5.60%,$302 ,,
PUB,People's Utah Bancorp,$32.40 ,1.30%,$613 ,16.1,21.60%
PUKPF,Prudential plc,$20.21 ,3.20%,"$51,593 ",17.6,56.10%
PWCDF,Power Corporation of Canada,$20.01 ,5.70%,"$9,450 ",9.8,55.80%
PWF.PR.O.TO,,$0.00 ,0.00%,$,,
PWF.TO,Power Financial Corporation,$27.86 ,6.10%,"$19,909 ",10,61.00%
PWOD,Penns Woods Bancorp Inc.,$42.72 ,4.40%,$200 ,,
PZN,Pzena Investment Management Inc Class A,$9.97 ,1.20%,$698 ,12.3,14.70%
QBEIF,QBE Insurance Group Limited,$8.45 ,2.50%,"$11,408 ",-9.3,-23.00%
QBIEY,QBE Insurance Group Limited,$8.17 ,3.80%,"$11,084 ",-9,-33.80%
QCA.CX,,$0.00 ,0.00%,$,,
QCRH,QCR Holdings Inc.,$36.23 ,0.70%,$566 ,12.6,8.40%
QIWI,QIWI plc,$14.37 ,0.00%,$866 ,16.5,0.00%
QNBC,QNB Corp.,$44.70 ,2.90%,$155 ,16.3,46.70%
QNTO,"Quaint Oak Bancorp, Inc.",$12.92 ,2.20%,$25 ,15.4,33.40%
QUCT,"Queen City Investments, Inc.","$1,146.10 ",0.90%,$,,
RAI.UN.TO,Real Asset Income and Growth Fund,$7.80 ,6.40%,$,,
RBCAA,Republic Bancorp Inc. Class A Common Stock,$42.91 ,2.20%,$902 ,14.7,33.10%
RBNC,Reliant Bancorp Inc.,$21.50 ,1.50%,$248 ,,
RCBC,River City Bank,$207.60 ,0.50%,$303 ,18,8.80%
RDN,Radian Group Inc.,$18.23 ,0.10%,"$3,898 ",7.3,0.40%
RE,Everest Re Group Ltd.,$215.81 ,3.10%,"$8,760 ",9,27.70%
REDW,"Redwood Financial, Inc.",$60.00 ,0.90%,$24 ,22.6,19.90%
RF,Regions Financial Corporation,$15.93 ,3.50%,"$16,366 ",12.4,44.00%
RGA,Reinsurance Group of America Incorporated,$147.61 ,1.60%,"$9,232 ",13,21.20%
RILY,B. Riley Financial Inc.,$17.06 ,1.90%,$449 ,,
RIT.TO,First Asset Canadian REIT ETF Comm,$16.28 ,0.00%,$,,
RIVE,Riverview Financial Corporation,$12.96 ,3.10%,$118 ,,
RJF,Raymond James Financial Inc.,$76.10 ,1.60%,"$10,875 ",12.2,19.50%
RLI,RLI Corp. (DE),$73.58 ,1.20%,"$3,290 ",33.9,40.30%
RMGOF,Remgro Limited,$14.20 ,3.00%,"$8,038 ",12.2,37.00%
RNR,RenaissanceRe Holdings Ltd.,$129.54 ,1.00%,"$5,147 ",12.7,13.10%
RNST,Renasant Corporation,$35.19 ,2.40%,"$2,073 ",12.3,29.20%
RSAIF,RSA Insurance Group plc,$6.81 ,4.00%,"$6,956 ",17.4,69.50%
RSNAY,RSA Insurance Group plc,$6.76 ,4.00%,"$7,002 ",17.3,69.00%
RSNHF,"Resona Holdings, Inc.",$5.01 ,3.20%,"$11,821 ",4.9,15.70%
RTBBF,Rathbone Brothers Plc,$28.55 ,2.80%,"$1,467 ",18.3,51.00%
RVSB,Riverview Bancorp Inc,$8.28 ,1.70%,$190 ,16.6,27.60%
RWCB,Redwood Capital Bancorp,$17.90 ,1.60%,$34 ,10.2,16.00%
RY,Royal Bank Of Canada,$71.73 ,4.30%,"$101,358 ",10.9,46.40%
RY.TO,Royal Bank of Canada,$93.62 ,4.10%,"$136,850 ",11.6,47.80%
SAFT,Safety Insurance Group Inc.,$87.43 ,3.60%,"$1,345 ",,
SAL,Salisbury Bancorp Inc.,$38.60 ,2.90%,$108 ,16,46.50%
SAMG,Silvercrest Asset Management Group Inc.,$14.10 ,4.00%,$186 ,,
SAN,Banco Santander S.A. Sponsored ADR (Spain),$4.72 ,3.40%,"$74,872 ",8.6,29.40%
SASR,Sandy Spring Bancorp Inc.,$35.29 ,3.20%,"$1,256 ",12.3,38.80%
SAXPF,Sampo Oyj,$44.83 ,6.80%,"$25,107 ",12.9,87.10%
SAXPY,Sampo Oyj,$22.16 ,6.80%,"$24,981 ",12.7,86.30%
SBAZ,State Bank Corp.,$14.75 ,1.60%,$119 ,15.2,24.80%
SBBX,SB One Bancorp,$24.07 ,1.30%,$191 ,13.8,17.30%
SBC.TO,Brompton Split Banc Corp.,$12.35 ,9.10%,$98 ,4.7,42.40%
SBFG,SB Financial Group Inc.,$18.25 ,1.90%,$117 ,16,30.30%
SBGOF,Standard Bank Group Limited,$12.24 ,6.90%,"$19,376 ",10.1,69.50%
SBHGF,"SBI Holdings, Inc.",$22.72 ,4.00%,"$4,992 ",10.5,41.50%
SBHO,Steuben Trust Corporation,$45.81 ,2.90%,$76 ,13.1,38.20%
SBKFF,State Bank of India,$39.04 ,0.00%,"$33,639 ",-17.9,0.00%
SBRCY,Sberbank of Russia,$11.90 ,6.20%,"$64,664 ",2.4,15.00%
SBSI,Southside Bancshares Inc.,$31.81 ,3.70%,"$1,131 ",15.7,58.60%
SBTB,"SBT Bancorp, Inc.",$36.10 ,1.70%,$50 ,13.5,22.30%
SC,Santander Consumer USA Holdings Inc.,$18.72 ,4.30%,"$6,612 ",7.5,32.50%
SCBH,Seacoast Commerce Banc Holdings,$21.20 ,1.70%,$198 ,26.8,46.20%
SCBS,"Southern Community Bancshares, Inc.",$9.05 ,0.60%,$5 ,11,7.10%
SCGLY,SociÇtÇ GÇnÇrale SociÇtÇ anonyme,$7.30 ,6.80%,"$29,821 ",8.8,60.10%
SCHW,Charles Schwab Corporation (The),$45.12 ,1.20%,"$60,136 ",20.1,23.50%
SCM,Stellus Capital Investment Corporation,$13.43 ,10.20%,$213 ,11.1,112.80%
SCRYY,SCOR SE,$4.74 ,4.20%,"$8,878 ",12.8,53.90%
SCYT,"Security Bancorp, Inc.",$57.87 ,1.70%,$22 ,11.7,20.20%
SCZC,Santa Cruz County Bank,$53.05 ,0.60%,$122 ,14.5,8.10%
SDGB,SSNB Inc,$20.50 ,1.40%,$,,
SEBC,Southeastern Banking Corporation,$19.70 ,2.20%,$62 ,17,37.90%
SEIC,SEI Investments Company,$52.72 ,1.10%,"$8,138 ",17.6,20.20%
SFBC,Sound Financial Bancorp Inc.,$35.25 ,1.60%,$90 ,,
SFBK,"SFB Bancorp, Inc.",$31.13 ,1.10%,$8 ,23.6,26.20%
SFBS,ServisFirst Bancshares Inc.,$36.39 ,1.20%,"$1,946 ",15.8,18.90%
SFDL,Security Federal Corporation,$29.60 ,1.20%,$87 ,14,17.00%
SFFFF,FFP SociÇtÇ anonyme,$118.61 ,0.00%,"$2,749 ",25.8,0.00%
SFNC,Simmons First National Corporation,$27.83 ,2.20%,"$2,540 ",12.3,26.80%
SFNXF,Sofina SociÇtÇ Anonyme,$195.22 ,0.00%,"$6,828 ",7.3,0.00%
SGB,Southwest Georgia Financial Corporation,$22.66 ,2.10%,$58 ,,
SHBI,Shore Bancshares Inc,$17.00 ,2.20%,$205 ,,
SHNWF,Schroders plc,$32.15 ,4.70%,"$8,621 ",11.1,52.20%
SIFI,SI Financial Group Inc.,$13.51 ,1.80%,$162 ,,
SIGI,Selective Insurance Group Inc.,$63.44 ,1.30%,"$3,744 ",19.1,24.00%
SII.TO,Sprott Inc.,$2.74 ,4.30%,$666 ,30.4,130.60%
SKLKF,"SKLKF - Shinsei Bank, Limited",$14.00 ,0.60%,"$3,263 ",7.3,4.40%
SKVKY,Skandinaviska Enskilda Banken AB,$10.07 ,6.60%,"$21,726 ",8.9,58.80%
SLF,Sun Life Financial Inc.,$36.42 ,4.20%,"$21,621 ",9.9,41.80%
SLF.PR.G.TO,,$0.00 ,0.00%,$,,
SLF.TO,Sun Life Financial Inc.,$47.74 ,4.10%,"$29,102 ",13.6,56.00%
SLFPY,Standard Life Aberdeen plc,$13.56 ,52.70%,"$8,393 ",10.8,571.70%
SLLDY,Sanlam Limited,$10.89 ,4.30%,"$11,003 ",13.6,58.90%
SLMAF,Sanlam Limited,$5.15 ,4.70%,"$11,415 ",12.9,60.30%
SLRC,Solar Capital Ltd.,$20.92 ,7.90%,$877 ,11.8,92.80%
SMAL,"Summit Bancshares, Inc.",$37.90 ,0.80%,$45 ,16.9,13.40%
SMBC,Southern Missouri Bancorp Inc.,$33.45 ,1.60%,$299 ,,
SMCBF,The Siam Commercial Bank Public Company Limited,$4.08 ,5.90%,"$14,213 ",10.8,64.10%
SMFG,Sumitomo Mitsui Financial Group Inc Unsponsored American Depositary Shares (Japan),$7.37 ,4.40%,"$51,009 ",6.6,29.50%
SMFNF,"Sumitomo Mitsui Financial Group, Inc.",$36.01 ,4.30%,"$50,608 ",6.8,29.40%
SMMF,Summit Financial Group Inc.,$20.50 ,2.50%,$260 ,9.6,24.00%
SMUUY,The Siam Commercial Bank Public Company Limited,$16.42 ,4.10%,"$13,769 ",43.2,175.40%
SNLC,Security National Corporation,$127.70 ,0.90%,$,,
SNMCY,Suncorp Group Limited,$9.54 ,7.10%,"$12,433 ",15.9,112.40%
SNMYF,Suncorp Group Limited,$9.89 ,5.20%,"$12,769 ",16.6,85.60%
SNV,Synovus Financial Corp.,$36.47 ,2.80%,"$4,181 ",10.6,29.40%
SOBS,Solvay Bank Corp.,$40.50 ,3.40%,$,,
SOMC,"Southern Michigan Bancorp, Inc.",$39.00 ,2.20%,$90 ,12.9,27.70%
SOME,Somerset Trust Holding Company,$42.24 ,3.30%,$103 ,13.4,44.40%
SONA,Southern National Bancorp of Virginia Inc.,$15.47 ,2.10%,$369 ,11.6,24.20%
SPGI,S&P Global Inc.,$177.04 ,1.10%,"$44,033 ",21.8,24.80%
SPOXF,Sprott Inc.,$2.07 ,4.30%,$502 ,29.6,126.90%
SPXCF,Singapore Exchange Limited,$5.36 ,0.00%,"$5,744 ",21.6,0.00%
SPXCY,Singapore Exchange Limited,$77.06 ,4.20%,"$5,619 ",20.7,86.60%
SQCF,"Susquehanna Community Financial, Inc.",$19.75 ,2.60%,$60 ,11.5,30.40%
SRCE,1st Source Corporation,$46.55 ,2.10%,"$1,214 ",15.9,34.10%
SREDY,Storebrand ASA,$16.57 ,0.00%,$,,
SRMGF,SpareBank 1 SMN,$11.25 ,5.00%,"$1,351 ",8.5,42.60%
SSB,South State Corporation,$68.72 ,2.10%,"$2,528 ",12.6,26.50%
SSBI,Summit State Bank,$11.98 ,4.00%,$73 ,,
SSFN,Stewardship Financial Corp,$9.95 ,1.20%,$86 ,,
SSREY,Swiss Re Ltd,$21.91 ,5.70%,"$27,579 ",238.1,1364.30%
STBA,S&T Bancorp Inc.,$40.53 ,2.60%,"$1,439 ",14,36.90%
STBI,"Sturgis Bancorp, Inc.",$20.25 ,3.00%,$43 ,10.6,31.30%
STBZ,State Bank Financial Corporation.,$24.13 ,3.30%,$946 ,12.1,39.90%
STC,Stewart Information Services Corporation,$41.40 ,2.90%,$978 ,17,49.60%
STFC,State Auto Financial Corporation,$33.02 ,1.20%,"$1,439 ",35.5,42.50%
STI,SunTrust Banks Inc.,$61.87 ,3.20%,"$27,734 ",11.7,37.90%
STJPF,St. James's Place plc,$12.62 ,4.60%,"$6,507 ",33.3,151.40%
STL,Sterling Bancorp,$18.45 ,1.60%,"$4,046 ",10,15.50%
STND,Standard AVB Financial Corp.,$29.25 ,3.00%,$140 ,,
STT,State Street Corporation,$72.03 ,2.60%,"$27,019 ",9.8,25.80%
SUNS,Solar Senior Capital Ltd.,$15.70 ,9.00%,$251 ,11.1,100.30%
SVKEF,Skandinaviska Enskilda Banken AB,$10.10 ,6.80%,"$22,445 ",8.9,60.60%
SVNLF,Svenska Handelsbanken AB,$10.70 ,6.20%,"$20,724 ",10.9,67.40%
SVNLY,Svenska Handelsbanken AB,$5.18 ,8.40%,"$20,424 ",10.6,88.70%
SWDBF,Swedbank AB,$23.05 ,6.80%,"$25,468 ",10.8,72.70%
SWDBY,Swedbank AB,$22.16 ,6.80%,"$24,898 ",10.3,70.00%
SWZNF,Swiss National Bank,"$5,369.40 ",0.00%,$554 ,0,0.00%
SYANY,Sydbank A/S,$5.02 ,7.40%,"$1,506 ",8.4,62.20%
SYBJF,SECURITY BK CORP,$3.25 ,0.00%,$,,
SYBT,SPDR Barclays US Treasury Bond UCITS ETF,$31.61 ,3.20%,$715 ,14.1,44.90%
SYF,Synchrony Financial,$25.71 ,3.30%,"$18,198 ",7.7,25.40%
SYFHF,Sony Financial Holdings Inc.,$23.25 ,2.40%,"$9,418 ",18,42.40%
SZCRF,SCOR SE,$49.20 ,4.00%,"$9,065 ",13.4,53.60%
SZLMY,Swiss Life Holding AG,$18.53 ,3.50%,"$12,597 ",12,42.30%
TBNK,Territorial Bancorp Inc.,$27.53 ,3.20%,$268 ,13.8,43.90%
TCBK,TriCo Bancshares,$36.93 ,1.80%,"$1,120 ",16.1,29.80%
TCF,TCF Financial Corporation,$22.00 ,2.80%,"$3,633 ",12.8,35.20%
TCFC,The Community Financial Corporation,$30.00 ,1.30%,$167 ,,
TCPC,BlackRock TCP Capital Corp.,$14.09 ,10.20%,$827 ,8.3,84.80%
TCRD,THL Credit Inc.,$7.09 ,15.30%,$230 ,6.4,97.80%
TD,Toronto Dominion Bank (The),$53.67 ,3.90%,"$97,055 ",11,43.10%
TD.TO,The Toronto-Dominion Bank,$70.45 ,3.70%,"$130,673 ",12,45.00%
TDCB,Third Century Bancorp,$12.45 ,1.90%,$15 ,20.4,39.40%
TETAA,"Teton Advisors, Inc",$50.50 ,0.40%,$64 ,17.8,7.10%
TF.TO,Timbercreek Financial Corporation,$9.20 ,7.40%,$753 ,14.2,105.00%
TFSL,TFS Financial Corporation,$15.80 ,6.30%,"$4,415 ",49.4,313.50%
TGOPY,3i Group plc,$5.35 ,3.90%,"$10,797 ",5.2,20.10%
THBIY,TÅrkiye Halk Bankasi A.S.,$2.54 ,1.80%,"$1,599 ",,
THFF,First Financial Corporation Indiana,$46.11 ,2.20%,$565 ,12.7,28.20%
THG,Hanover Insurance Group Inc,$109.66 ,2.00%,"$4,674 ",13.5,26.40%
THNUY,Thanachart Capital Public Company Limited,$15.57 ,3.90%,"$1,836 ",77.9,304.40%
THVB,"Thomasville Bancshares, Inc.",$40.15 ,3.40%,$239 ,27.1,92.20%
TIPT,Tiptree Inc.,$5.51 ,2.50%,$201 ,,
TKGBF,Turkiye Garanti Bankasi A.S.,$1.44 ,7.10%,"$6,226 ",,
TKGBY,Turkiye Garanti Bankasi A.S.,$1.43 ,6.90%,"$6,395 ",,
TKOMF,"Tokio Marine Holdings, Inc.",$49.50 ,3.00%,"$34,671 ",13.5,39.80%
TKOMY,"Tokio Marine Holdings, Inc.",$48.42 ,3.00%,"$35,257 ",13.2,38.90%
TKYVY,TÅrkiye Vakiflar Bankasi TÅrk Anonim Ortakligi,$6.85 ,1.20%,"$1,704 ",,
TLF.TO,Tech Leaders Income ETF,$11.10 ,0.00%,$,,
TLP.UN.CX,,$0.00 ,0.00%,$,,
TMK,Torchmark Corporation,$86.38 ,0.70%,"$9,556 ",14.8,11.10%
TMP,Tompkins Financial Corporation,$78.80 ,2.50%,"$1,202 ",,
TOF.UN.TO,Taylor North American Equity Opportunities Fund,$9.21 ,6.20%,$,,
TOWN,Towne Bank,$27.58 ,2.30%,"$1,986 ",14.8,34.60%
TPVG,TriplePoint Venture Growth BDC Corp.,$12.10 ,12.00%,$286 ,7.6,90.40%
TRCB,Two River Bancorp,$15.01 ,1.40%,$130 ,12.5,18.10%
TRCY,Tri City Bankshares Corporation,$22.36 ,2.10%,$199 ,13.8,29.50%
TRI,Thomson Reuters Corp,$48.23 ,2.90%,"$26,905 ",41.6,121.70%
TRI.TO,Thomson Reuters Corporation,$63.62 ,2.90%,"$35,380 ",40.3,116.00%
TRMK,Trustmark Corporation,$31.11 ,3.00%,"$2,078 ",14.5,43.00%
TROW,T. Rowe Price Group Inc.,$93.25 ,3.00%,"$22,140 ",13.1,39.90%
TRST,TrustCo Bank Corp NY,$7.72 ,3.60%,$740 ,,
TRUX,Truxton Corporation,$38.35 ,2.20%,$104 ,14,31.50%
TRV,The Travelers Companies Inc.,$128.52 ,2.40%,"$34,003 ",14.1,33.90%
TRVR,"Two Rivers Financial Group, Inc.",$34.10 ,1.80%,$80 ,14.9,26.50%
TSBA,Touchstone Bank,$13.65 ,2.00%,$45 ,25.8,52.30%
TSBK,Timberland Bancorp Inc.,$27.92 ,1.90%,$206 ,,
TSLX,TPG Specialty Lending Inc.,$20.06 ,8.20%,"$1,308 ",9.9,81.40%
TSRUF,Pacific Current Group Limited,$4.48 ,0.00%,$,,
TSS,Total System Services Inc.,$83.39 ,0.60%,"$15,206 ",20.7,12.90%
TULLF,TP ICAP plc,$3.81 ,2.80%,"$2,187 ",11.2,31.70%
TVNB,The Turbotville National Bank,$93.16 ,0.00%,$,,
TWCF,Town and Country Financial Corporation,$22.16 ,0.90%,$62 ,10,9.00%
TYBT,"Trinity Bank, N.A.",$65.00 ,1.80%,$72 ,19,33.30%
TYCB,"Calvin B. Taylor Bankshares, Inc.",$36.50 ,2.70%,$103 ,22.5,61.10%
TYFG,"Tri-County Financial Group, Inc.",$42.10 ,1.40%,$82 ,42.1,60.20%
TZS.TO,Trez Capital Senior Mortgage Investment Corporation,$2.27 ,25.50%,$17 ,-75.7,-1931.80%
TZZ.TO,Trez Capital Mortgage Investment Corporation,$0.50 ,0.00%,$6 ,,
UBAB,"United Bancorporation of Alabama, Inc.",$21.70 ,0.70%,$53 ,6.6,4.60%
UBCP,United Bancorp Inc.,$12.10 ,4.30%,$65 ,,
UBFO,United Security Bancshares,$10.99 ,3.90%,$172 ,,
UBNC,Union Bank,$14.38 ,1.30%,$86 ,13.2,17.30%
UBNK,United Financial Bancorp Inc.,$15.68 ,3.10%,$802 ,13.4,41.00%
UBOH,United Bancshares Inc.,$22.82 ,2.10%,$75 ,,
UBS,UBS Group AG Registered,$13.68 ,0.00%,"$51,275 ",10,0.00%
UBSH,Union Bankshares Corporation,$34.20 ,2.70%,"$2,248 ",13.5,36.50%
UBSI,United Bankshares Inc.,$34.21 ,4.00%,"$3,530 ",14.4,57.40%
UCBA,United Community Bancorp,$27.85 ,1.40%,$117 ,,
UCBI,United Community Banks Inc.,$25.13 ,2.50%,"$1,988 ",12.6,32.00%
UCFC,United Community Financial Corp.,$9.27 ,3.00%,$464 ,13.1,39.30%
UFCS,United Fire Group Inc,$51.82 ,2.40%,"$1,302 ",,
UFGSY,UNIPOL GRUPPO SPA,$0.10 ,0.00%,$,,
UIHC,United Insurance Holdings Corp.,$18.99 ,1.30%,$815 ,16.1,20.40%
UMBF,UMB Financial Corporation,$64.79 ,1.90%,"$3,221 ",14.5,26.90%
UMPQ,Umpqua Holdings Corporation,$19.49 ,4.40%,"$4,158 ",13.8,61.50%
UNB,Union Bankshares Inc.,$44.82 ,2.70%,$200 ,,
UNM,Unum Group,$35.54 ,3.00%,"$7,604 ",7.1,21.10%
UNTN,"United Tennessee Bankshares, Inc.",$21.50 ,2.50%,$18 ,15.6,38.30%
UNTY,Unity Bancorp Inc.,$22.58 ,1.30%,$237 ,,
UOVEY,United Overseas Bank Limited,$33.99 ,4.10%,"$29,219 ",10.1,41.10%
URB.A.TO,Urbana Corporation,$2.37 ,2.70%,$118 ,-10.3,-28.00%
URB.TO,Urbana Corporation,$2.46 ,2.90%,$132 ,-10.7,-31.20%
URNAF,URBANA CORP,$2.06 ,0.00%,$,,
USB,U.S. Bancorp,$54.29 ,2.70%,"$87,447 ",13.9,38.00%
USF.UN.TO,U.S. Financials Income Fund,$7.26 ,6.60%,$,,
UVE,UNIVERSAL INSURANCE HOLDINGS INC,$43.27 ,1.50%,"$1,519 ",,
V,Visa Inc.,$134.52 ,0.70%,"$294,316 ",31.4,23.50%
VABK,Virginia National Bankshares Corporation,$41.56 ,2.80%,$104 ,13.4,37.90%
VIRT,Virtu Financial Inc.,$26.20 ,3.60%,"$5,007 ",18.2,66.00%
VLY,Valley National Bancorp,$10.19 ,4.40%,"$3,335 ",12.9,56.40%
VOYA,Voya Financial Inc.,$44.30 ,0.10%,"$6,689 ",10.8,1.00%
VPGLF,Value Partners Group Limited,$0.79 ,0.00%,"$1,461 ",5.7,0.00%
VRTS,Virtus Investment Partners Inc.,$95.86 ,2.30%,$674 ,8.1,19.00%
VSBN,"VSB Bancorp, Inc.",$20.65 ,2.10%,$35 ,14.3,30.50%
VUPPF,VP BANK AG,$101.45 ,0.00%,$,,
WABC,Westamerica Bancorporation,$61.39 ,2.60%,"$1,649 ",,
WAFD,Washington Federal Inc.,$27.07 ,2.70%,"$2,233 ",11.8,31.50%
WAKE,"Wake Forest Bancshares, Inc.",$19.60 ,1.40%,$23 ,17.5,24.50%
WASH,Washington Trust Bancorp Inc.,$50.70 ,3.40%,$875 ,,
WAYN,Wayne Savings Bancshares Inc.,$17.72 ,2.00%,$49 ,,
WBK,Westpac Banking Corporation,$18.62 ,7.40%,"$62,507 ",,
WBS,Webster Financial Corporation,$59.11 ,2.30%,"$5,401 ",17.4,39.20%
WCFB,WCF Bancorp Inc.,$9.05 ,2.20%,$23 ,,
WDFN,Woodlands Financial Services Company,$30.84 ,3.10%,$48 ,10.2,31.70%
WDR,Waddell & Reed Financial Inc.,$19.78 ,5.10%,"$1,530 ",9.1,46.50%
WEBK,Wellesley Bancorp Inc.,$30.62 ,0.70%,$77 ,,
WEBNF,Westpac Banking Corporation,$18.50 ,0.00%,"$63,375 ",10.9,0.00%
WEIN,"West End Indiana Bancshares, Inc.",$28.11 ,1.00%,$28 ,26,26.00%
WETF,WisdomTree Investments Inc.,$7.63 ,1.60%,"$1,136 ",25.4,41.10%
WF,Woori Bank American Depositary Shares (Each representing 3 shares of),$42.46 ,6.70%,"$9,428 ",7,47.00%
WFC,Wells Fargo & Company,$52.83 ,3.30%,"$247,319 ",12.3,40.20%
WHF,WhiteHorse Finance Inc.,$13.26 ,10.50%,$277 ,9.3,97.50%
WHG,Westwood Holdings Group Inc,$39.02 ,7.40%,$351 ,,
WLTW,Willis Towers Watson Public Limited Company,$157.49 ,1.50%,"$20,316 ",19.8,30.40%
WMPN,"William Penn Bancorp, Inc.",$33.25 ,1.00%,$126 ,70.7,67.90%
WNEB,Western New England Bancorp Inc.,$9.69 ,1.60%,$292 ,17.6,28.70%
WNRP,"West Suburban Bancorp, Inc.",$671.01 ,2.40%,$279 ,18.2,43.30%
WRB,W.R. Berkley Corporation,$78.47 ,0.80%,"$9,555 ",20.3,15.60%
WSBC,WesBanco Inc.,$42.12 ,2.80%,"$2,301 ",13.9,38.20%
WSBF,Waterstone Financial Inc.,$16.67 ,2.90%,$489 ,,
WSFS,WSFS Financial Corporation,$40.76 ,1.10%,"$1,281 ",12.2,13.20%
WSSH,West Shore Bank Corp.,$30.49 ,2.90%,$,,
WTBA,West Bancorporation,$20.69 ,3.90%,$335 ,,
WTBFA,W.T.B. Financial Corporation,$400.00 ,1.20%,$921 ,18.2,21.00%
WTBFB,W.T.B. Financial Corporation,$356.00 ,1.30%,$916 ,16.2,21.10%
WTFC,Wintrust Financial Corporation,$75.82 ,1.00%,"$4,244 ",13.4,13.50%
WTM,White Mountains Insurance Group Ltd.,$915.10 ,0.10%,"$2,902 ",953.2,104.50%
WU,Western Union Company (The),$18.22 ,4.10%,"$8,245 ",9.9,40.40%
WVFC,WVS Financial Corp.,$14.76 ,2.20%,$30 ,,
X.TO,TMX Group Limited,$77.30 ,2.90%,"$4,370 ",10.3,30.30%
XL,XL Group Ltd.,$57.37 ,1.50%,"$14,904 ",-30.4,-46.40%
YFGSF,YAMAGUCHI FINANCIA,$11.44 ,0.00%,$,,
ZION,Zions Bancorporation N.A.,$47.55 ,2.50%,"$9,106 ",12.4,31.50%
ZURVY,Zurich Insurance Group AG,$30.32 ,6.10%,"$46,067 ",13.8,84.00%
